Model,FPR,TPR,Threshold
Logistic Regression,0.0,0.0,inf
Logistic Regression,0.0,0.0005277044854881266,0.9999999986057972
Logistic Regression,0.0,0.0063324538258575196,0.9999999923586796
Logistic Regression,0.0009501187648456057,0.0063324538258575196,0.9999999920748618
Logistic Regression,0.0009501187648456057,0.0079155672823219,0.9999999903863678
Logistic Regression,0.0014251781472684087,0.0079155672823219,0.999999989767289
Logistic Regression,0.0014251781472684087,0.012137203166226913,0.9999999868780216
Logistic Regression,0.0019002375296912114,0.012137203166226913,0.99999998636421
Logistic Regression,0.0019002375296912114,0.016886543535620052,0.9999999828345666
Logistic Regression,0.0023752969121140144,0.016886543535620052,0.9999999825858955
Logistic Regression,0.0023752969121140144,0.02216358839050132,0.9999999758868993
Logistic Regression,0.0028503562945368173,0.02216358839050132,0.9999999758781973
Logistic Regression,0.0028503562945368173,0.023746701846965697,0.9999999741524817
Logistic Regression,0.00332541567695962,0.023746701846965697,0.9999999729467123
Logistic Regression,0.00332541567695962,0.025857519788918207,0.9999999714753646
Logistic Regression,0.003800475059382423,0.025857519788918207,0.9999999705280127
Logistic Regression,0.003800475059382423,0.027968337730870714,0.9999999695160393
Logistic Regression,0.004750593824228029,0.027968337730870714,0.9999999679766794
Logistic Regression,0.004750593824228029,0.03007915567282322,0.9999999665085901
Logistic Regression,0.005225653206650831,0.03007915567282322,0.9999999642723548
Logistic Regression,0.005225653206650831,0.030606860158311346,0.9999999639673958
Logistic Regression,0.005700712589073635,0.030606860158311346,0.9999999628639111
Logistic Regression,0.005700712589073635,0.035883905013192614,0.9999999560438445
Logistic Regression,0.006175771971496437,0.035883905013192614,0.9999999552547099
Logistic Regression,0.006175771971496437,0.04327176781002638,0.9999999442313696
Logistic Regression,0.00665083135391924,0.04327176781002638,0.9999999440519387
Logistic Regression,0.00665083135391924,0.047493403693931395,0.9999999383082345
Logistic Regression,0.007125890736342043,0.047493403693931395,0.9999999372142805
Logistic Regression,0.007125890736342043,0.04854881266490765,0.999999935175411
Logistic Regression,0.007600950118764846,0.04854881266490765,0.9999999336572838
Logistic Regression,0.007600950118764846,0.04907651715039578,0.9999999322461618
Logistic Regression,0.00855106888361045,0.04907651715039578,0.9999999319543729
Logistic Regression,0.00855106888361045,0.05118733509234828,0.9999999277520822
Logistic Regression,0.009026128266033254,0.05118733509234828,0.9999999273909722
Logistic Regression,0.009026128266033254,0.05382585751978892,0.9999999213833379
Logistic Regression,0.009501187648456057,0.05382585751978892,0.999999920721747
Logistic Regression,0.009501187648456057,0.05488126649076517,0.999999919191504
Logistic Regression,0.009976247030878859,0.05488126649076517,0.9999999187425509
Logistic Regression,0.009976247030878859,0.05593667546174143,0.9999999168934528
Logistic Regression,0.010451306413301662,0.05593667546174143,0.9999999166789341
Logistic Regression,0.010451306413301662,0.062269129287598944,0.9999999049251994
Logistic Regression,0.010926365795724466,0.062269129287598944,0.999999902521856
Logistic Regression,0.010926365795724466,0.06279683377308708,0.9999999022387305
Logistic Regression,0.011876484560570071,0.06279683377308708,0.9999998982997448
Logistic Regression,0.011876484560570071,0.0633245382585752,0.9999998964962324
Logistic Regression,0.012826603325415678,0.0633245382585752,0.9999998958217899
Logistic Regression,0.012826603325415678,0.06385224274406333,0.9999998956814298
Logistic Regression,0.01330166270783848,0.06385224274406333,0.9999998951823429
Logistic Regression,0.01330166270783848,0.0654353562005277,0.9999998931650079
Logistic Regression,0.014726840855106888,0.0654353562005277,0.9999998925676241
Logistic Regression,0.014726840855106888,0.06649076517150396,0.9999998907342937
Logistic Regression,0.015676959619952493,0.06649076517150396,0.9999998893973159
Logistic Regression,0.015676959619952493,0.06860158311345646,0.9999998842595229
Logistic Regression,0.0166270783847981,0.06860158311345646,0.9999998778292096
Logistic Regression,0.0166270783847981,0.06912928759894459,0.9999998756231828
Logistic Regression,0.0171021377672209,0.06912928759894459,0.9999998752821462
Logistic Regression,0.0171021377672209,0.06965699208443271,0.9999998739578108
Logistic Regression,0.017577197149643706,0.06965699208443271,0.9999998736506104
Logistic Regression,0.017577197149643706,0.07546174142480211,0.9999998541895713
Logistic Regression,0.018052256532066508,0.07546174142480211,0.9999998522055048
Logistic Regression,0.018052256532066508,0.08337730870712401,0.9999998265045921
Logistic Regression,0.01852731591448931,0.08337730870712401,0.9999998234106681
Logistic Regression,0.01852731591448931,0.08496042216358839,0.999999819976265
Logistic Regression,0.019002375296912115,0.08496042216358839,0.9999998194285993
Logistic Regression,0.019002375296912115,0.08548812664907651,0.9999998175575031
Logistic Regression,0.019477434679334917,0.08548812664907651,0.9999998169905966
Logistic Regression,0.019477434679334917,0.08812664907651716,0.9999998139770536
Logistic Regression,0.019952494061757718,0.08812664907651716,0.9999998095321166
Logistic Regression,0.019952494061757718,0.09129287598944591,0.9999998063599511
Logistic Regression,0.020902612826603325,0.09129287598944591,0.9999998044736249
Logistic Regression,0.020902612826603325,0.09445910290237466,0.9999997846853061
Logistic Regression,0.021377672209026127,0.09445910290237466,0.999999783460028
Logistic Regression,0.021377672209026127,0.09604221635883906,0.9999997811804554
Logistic Regression,0.021852731591448932,0.09604221635883906,0.999999780991119
Logistic Regression,0.021852731591448932,0.0970976253298153,0.9999997683900504
Logistic Regression,0.022327790973871733,0.0970976253298153,0.9999997672481167
Logistic Regression,0.022327790973871733,0.09762532981530343,0.9999997553706302
Logistic Regression,0.02280285035629454,0.09762532981530343,0.999999754899029
Logistic Regression,0.02280285035629454,0.09815303430079156,0.9999997452880476
Logistic Regression,0.02327790973871734,0.09815303430079156,0.9999997433091065
Logistic Regression,0.02327790973871734,0.10079155672823219,0.999999738450164
Logistic Regression,0.023752969121140142,0.10079155672823219,0.9999997365362864
Logistic Regression,0.023752969121140142,0.10184696569920844,0.9999997303538309
Logistic Regression,0.024228028503562947,0.10184696569920844,0.9999997278957556
Logistic Regression,0.024228028503562947,0.10290237467018469,0.9999997259530458
Logistic Regression,0.02517814726840855,0.10290237467018469,0.9999997231876725
Logistic Regression,0.02517814726840855,0.10501319261213721,0.999999709381382
Logistic Regression,0.026128266033254157,0.10501319261213721,0.9999997061885635
Logistic Regression,0.026128266033254157,0.10554089709762533,0.9999997019228488
Logistic Regression,0.027078384798099764,0.10554089709762533,0.999999699154201
Logistic Regression,0.027078384798099764,0.10817941952506596,0.9999996700269332
Logistic Regression,0.027553444180522565,0.10817941952506596,0.9999996664941668
Logistic Regression,0.027553444180522565,0.11134564643799472,0.9999996587135641
Logistic Regression,0.028503562945368172,0.11134564643799472,0.9999996573500178
Logistic Regression,0.028503562945368172,0.11345646437994723,0.9999996404235646
Logistic Regression,0.029453681710213776,0.11345646437994723,0.999999631624251
Logistic Regression,0.029453681710213776,0.11662269129287599,0.9999996095962514
Logistic Regression,0.02992874109263658,0.11662269129287599,0.9999996075190166
Logistic Regression,0.02992874109263658,0.11767810026385224,0.9999996043876627
Logistic Regression,0.030403800475059382,0.11767810026385224,0.9999996028984466
Logistic Regression,0.030403800475059382,0.12453825857519789,0.9999995434172066
Logistic Regression,0.030878859857482184,0.12453825857519789,0.9999995411967773
Logistic Regression,0.030878859857482184,0.12506596306068601,0.9999995336884401
Logistic Regression,0.031353919239904986,0.12506596306068601,0.9999995252779026
Logistic Regression,0.031353919239904986,0.12559366754617415,0.9999995198056563
Logistic Regression,0.031828978622327794,0.12559366754617415,0.9999995165210501
Logistic Regression,0.031828978622327794,0.1287598944591029,0.9999995066411977
Logistic Regression,0.032304038004750596,0.1287598944591029,0.9999995055541271
Logistic Regression,0.032304038004750596,0.12928759894459102,0.9999995033598326
Logistic Regression,0.0327790973871734,0.12928759894459102,0.9999995023068485
Logistic Regression,0.0327790973871734,0.13034300791556727,0.9999994971067467
Logistic Regression,0.0332541567695962,0.13034300791556727,0.9999994955039608
Logistic Regression,0.0332541567695962,0.13139841688654352,0.9999994928355073
Logistic Regression,0.033729216152019,0.13139841688654352,0.999999491274158
Logistic Regression,0.033729216152019,0.13562005277044856,0.9999994646482447
Logistic Regression,0.0342042755344418,0.13562005277044856,0.999999463595103
Logistic Regression,0.0342042755344418,0.13614775725593667,0.9999994622942359
Logistic Regression,0.03515439429928741,0.13614775725593667,0.9999994583092157
Logistic Regression,0.03515439429928741,0.13773087071240106,0.9999994540038498
Logistic Regression,0.035629453681710214,0.13773087071240106,0.9999994407205436
Logistic Regression,0.035629453681710214,0.13825857519788917,0.9999994379447913
Logistic Regression,0.036104513064133016,0.13825857519788917,0.9999994303156864
Logistic Regression,0.036104513064133016,0.13984168865435356,0.9999994216926849
Logistic Regression,0.03657957244655582,0.13984168865435356,0.9999994216811394
Logistic Regression,0.03657957244655582,0.1467018469656992,0.9999993717077569
Logistic Regression,0.03705463182897862,0.1467018469656992,0.9999993697643488
Logistic Regression,0.03705463182897862,0.1503957783641161,0.99999931230577
Logistic Regression,0.03752969121140143,0.1503957783641161,0.9999993112729754
Logistic Regression,0.03752969121140143,0.15145118733509236,0.999999299383061
Logistic Regression,0.03800475059382423,0.15145118733509236,0.9999992981138769
Logistic Regression,0.03800475059382423,0.15197889182058047,0.9999992956414699
Logistic Regression,0.03847980997624703,0.15197889182058047,0.9999992902532072
Logistic Regression,0.03847980997624703,0.15356200527704486,0.9999992711817676
Logistic Regression,0.03895486935866983,0.15356200527704486,0.9999992663066376
Logistic Regression,0.03895486935866983,0.15514511873350922,0.9999992594444473
Logistic Regression,0.039429928741092635,0.15514511873350922,0.9999992593968341
Logistic Regression,0.039429928741092635,0.15567282321899736,0.999999254693981
Logistic Regression,0.039904988123515436,0.15567282321899736,0.9999992518869333
Logistic Regression,0.039904988123515436,0.15672823218997362,0.9999992417729604
Logistic Regression,0.040380047505938245,0.15672823218997362,0.9999992417267526
Logistic Regression,0.040380047505938245,0.158311345646438,0.9999992309956179
Logistic Regression,0.04085510688836105,0.158311345646438,0.9999992244513922
Logistic Regression,0.04085510688836105,0.15989445910290237,0.9999992186845792
Logistic Regression,0.04133016627078385,0.15989445910290237,0.9999992149210588
Logistic Regression,0.04133016627078385,0.16464379947229552,0.9999990961807104
Logistic Regression,0.04228028503562945,0.16464379947229552,0.9999990685376913
Logistic Regression,0.04228028503562945,0.16728232189973616,0.9999990482919765
Logistic Regression,0.043705463182897863,0.16728232189973616,0.9999990322543879
Logistic Regression,0.043705463182897863,0.16886543535620052,0.9999990116767641
Logistic Regression,0.044180522565320665,0.16886543535620052,0.9999989923772065
Logistic Regression,0.044180522565320665,0.16992084432717677,0.9999989818487743
Logistic Regression,0.04465558194774347,0.16992084432717677,0.9999989750755487
Logistic Regression,0.04465558194774347,0.1704485488126649,0.9999989728715616
Logistic Regression,0.04513064133016627,0.1704485488126649,0.9999989601174009
Logistic Regression,0.04513064133016627,0.17150395778364116,0.9999989489127167
Logistic Regression,0.04560570071258908,0.17150395778364116,0.999998944001306
Logistic Regression,0.04560570071258908,0.17255936675461742,0.9999989203600893
Logistic Regression,0.04655581947743468,0.17255936675461742,0.9999989085622609
Logistic Regression,0.04655581947743468,0.1741424802110818,0.9999988736699797
Logistic Regression,0.047505938242280284,0.1741424802110818,0.9999988712032316
Logistic Regression,0.047505938242280284,0.17519788918205806,0.9999988490592477
Logistic Regression,0.048931116389548696,0.17519788918205806,0.9999988287782875
Logistic Regression,0.048931116389548696,0.17730870712401056,0.9999988062130232
Logistic Regression,0.0494061757719715,0.17730870712401056,0.9999988056235313
Logistic Regression,0.0494061757719715,0.17783641160949867,0.9999988045355793
Logistic Regression,0.0498812351543943,0.17783641160949867,0.9999987933014753
Logistic Regression,0.0498812351543943,0.17889182058047493,0.9999987796187056
Logistic Regression,0.0503562945368171,0.17889182058047493,0.9999987744373008
Logistic Regression,0.0503562945368171,0.17941952506596306,0.9999987723067341
Logistic Regression,0.05130641330166271,0.17941952506596306,0.9999987509803625
Logistic Regression,0.05130641330166271,0.17994722955145118,0.9999987406860664
Logistic Regression,0.05178147268408551,0.17994722955145118,0.9999987330641578
Logistic Regression,0.05178147268408551,0.18311345646437996,0.9999986658955745
Logistic Regression,0.05320665083135392,0.18311345646437996,0.999998640681722
Logistic Regression,0.05320665083135392,0.18364116094986807,0.9999986335984635
Logistic Regression,0.05368171021377672,0.18364116094986807,0.9999986261990299
Logistic Regression,0.05368171021377672,0.18469656992084432,0.9999985864775297
Logistic Regression,0.05415676959619953,0.18469656992084432,0.9999985808217035
Logistic Regression,0.05415676959619953,0.18522427440633246,0.9999985807995615
Logistic Regression,0.05463182897862233,0.18522427440633246,0.9999985624350725
Logistic Regression,0.05463182897862233,0.1862796833773087,0.9999985514930484
Logistic Regression,0.05510688836104513,0.1862796833773087,0.9999985499795354
Logistic Regression,0.05510688836104513,0.18733509234828497,0.9999985343523542
Logistic Regression,0.05558194774346793,0.18733509234828497,0.9999985143485879
Logistic Regression,0.05558194774346793,0.18786279683377308,0.9999985126557707
Logistic Regression,0.056057007125890734,0.18786279683377308,0.9999984993457514
Logistic Regression,0.056057007125890734,0.18891820580474933,0.9999984891298673
Logistic Regression,0.056532066508313536,0.18891820580474933,0.9999984863549475
Logistic Regression,0.056532066508313536,0.19050131926121372,0.9999984761382146
Logistic Regression,0.057007125890736345,0.19050131926121372,0.9999984744567618
Logistic Regression,0.057007125890736345,0.19155672823218997,0.9999984447891836
Logistic Regression,0.057482185273159146,0.19155672823218997,0.9999984440313711
Logistic Regression,0.057482185273159146,0.1920844327176781,0.9999984410901351
Logistic Regression,0.05795724465558195,0.1920844327176781,0.9999984331653156
Logistic Regression,0.05795724465558195,0.1941952506596306,0.9999983777148481
Logistic Regression,0.05843230403800475,0.1941952506596306,0.9999983716372464
Logistic Regression,0.05843230403800475,0.19472295514511873,0.9999983273120531
Logistic Regression,0.05890736342042755,0.19472295514511873,0.9999982935907574
Logistic Regression,0.05890736342042755,0.2,0.9999982142165487
Logistic Regression,0.05938242280285035,0.2,0.999998206237317
Logistic Regression,0.05938242280285035,0.20211081794195251,0.99999819569146
Logistic Regression,0.060807600950118765,0.20211081794195251,0.9999981696030976
Logistic Regression,0.060807600950118765,0.20263852242744063,0.9999981584014104
Logistic Regression,0.061282660332541566,0.20263852242744063,0.9999981520005584
Logistic Regression,0.061282660332541566,0.20369393139841688,0.9999981440626994
Logistic Regression,0.06175771971496437,0.20369393139841688,0.9999981049663094
Logistic Regression,0.06175771971496437,0.20422163588390502,0.9999981037142766
Logistic Regression,0.06413301662707839,0.20422163588390502,0.999998015700377
Logistic Regression,0.06413301662707839,0.20527704485488127,0.9999979503677946
Logistic Regression,0.06460807600950119,0.20527704485488127,0.9999979288669977
Logistic Regression,0.06460807600950119,0.20949868073878627,0.9999978043772335
Logistic Regression,0.065083135391924,0.20949868073878627,0.9999978018482927
Logistic Regression,0.065083135391924,0.21055408970976253,0.999997786359288
Logistic Regression,0.0655581947743468,0.21055408970976253,0.99999778612598
Logistic Regression,0.0655581947743468,0.21213720316622692,0.9999977706057097
Logistic Regression,0.0660332541567696,0.21213720316622692,0.9999977558150033
Logistic Regression,0.0660332541567696,0.21266490765171503,0.9999977556671045
Logistic Regression,0.067458432304038,0.21266490765171503,0.9999977324882052
Logistic Regression,0.067458432304038,0.21319261213720317,0.9999977284577171
Logistic Regression,0.0684085510688836,0.21319261213720317,0.999997705307427
Logistic Regression,0.0684085510688836,0.21424802110817942,0.9999976806617076
Logistic Regression,0.0688836104513064,0.21424802110817942,0.999997670360788
Logistic Regression,0.0688836104513064,0.21635883905013192,0.9999975969029671
Logistic Regression,0.06935866983372922,0.21635883905013192,0.999997595230727
Logistic Regression,0.06935866983372922,0.21688654353562006,0.9999975938578344
Logistic Regression,0.07078384798099763,0.21688654353562006,0.9999975216996153
Logistic Regression,0.07078384798099763,0.21846965699208443,0.9999974560167849
Logistic Regression,0.07173396674584323,0.21846965699208443,0.9999974231082766
Logistic Regression,0.07173396674584323,0.22005277044854882,0.9999973968903392
Logistic Regression,0.07220902612826603,0.22005277044854882,0.9999973880723881
Logistic Regression,0.07220902612826603,0.22058047493403693,0.9999973662009107
Logistic Regression,0.07268408551068883,0.22058047493403693,0.9999973525303885
Logistic Regression,0.07268408551068883,0.22163588390501318,0.9999972980515196
Logistic Regression,0.07315914489311164,0.22163588390501318,0.9999972955924102
Logistic Regression,0.07315914489311164,0.22216358839050132,0.9999972929825027
Logistic Regression,0.07410926365795724,0.22216358839050132,0.9999972506374031
Logistic Regression,0.07410926365795724,0.22269129287598943,0.9999972422314963
Logistic Regression,0.07458432304038004,0.22269129287598943,0.9999972370538559
Logistic Regression,0.07458432304038004,0.22427440633245382,0.9999971796704978
Logistic Regression,0.07505938242280286,0.22427440633245382,0.9999971511291544
Logistic Regression,0.07505938242280286,0.22480211081794196,0.9999971162240862
Logistic Regression,0.07600950118764846,0.22480211081794196,0.9999971124494971
Logistic Regression,0.07600950118764846,0.22532981530343008,0.9999971104945709
Logistic Regression,0.07648456057007126,0.22532981530343008,0.9999971046044565
Logistic Regression,0.07648456057007126,0.22585751978891822,0.9999970971375198
Logistic Regression,0.07743467933491686,0.22585751978891822,0.9999970773474133
Logistic Regression,0.07743467933491686,0.22691292875989447,0.9999970498682911
Logistic Regression,0.07790973871733967,0.22691292875989447,0.9999970351172798
Logistic Regression,0.07790973871733967,0.22796833773087072,0.9999969699627784
Logistic Regression,0.07838479809976247,0.22796833773087072,0.9999969671576483
Logistic Regression,0.07838479809976247,0.22849604221635883,0.9999969297151354
Logistic Regression,0.07885985748218527,0.22849604221635883,0.9999969262556522
Logistic Regression,0.07885985748218527,0.22902374670184697,0.999996925786727
Logistic Regression,0.07933491686460807,0.22902374670184697,0.9999969182362158
Logistic Regression,0.07933491686460807,0.23007915567282322,0.9999969007803939
Logistic Regression,0.07980997624703087,0.23007915567282322,0.9999968540003487
Logistic Regression,0.07980997624703087,0.23482849604221637,0.9999966336297674
Logistic Regression,0.08028503562945369,0.23482849604221637,0.9999966290780569
Logistic Regression,0.08028503562945369,0.23535620052770448,0.9999965907289736
Logistic Regression,0.08123515439429929,0.23535620052770448,0.9999965719799565
Logistic Regression,0.08123515439429929,0.23588390501319262,0.9999965695906519
Logistic Regression,0.0821852731591449,0.23588390501319262,0.9999965499930393
Logistic Regression,0.0821852731591449,0.23693931398416887,0.9999965304136705
Logistic Regression,0.0826603325415677,0.23693931398416887,0.9999964942711101
Logistic Regression,0.0826603325415677,0.23746701846965698,0.9999964779915783
Logistic Regression,0.0831353919239905,0.23746701846965698,0.9999964283450965
Logistic Regression,0.0831353919239905,0.23799472295514512,0.99999640727101
Logistic Regression,0.0836104513064133,0.23799472295514512,0.9999963476932744
Logistic Regression,0.0836104513064133,0.23852242744063323,0.9999963446805126
Logistic Regression,0.0840855106888361,0.23852242744063323,0.9999963399110069
Logistic Regression,0.0840855106888361,0.23905013192612137,0.9999962627198495
Logistic Regression,0.0845605700712589,0.23905013192612137,0.999996132712701
Logistic Regression,0.0845605700712589,0.24379947229551452,0.9999960313622346
Logistic Regression,0.08598574821852732,0.24379947229551452,0.9999959447559779
Logistic Regression,0.08598574821852732,0.24432717678100263,0.9999959271931522
Logistic Regression,0.08741092636579573,0.24432717678100263,0.9999958816947397
Logistic Regression,0.08741092636579573,0.24485488126649077,0.9999958781143927
Logistic Regression,0.08788598574821853,0.24485488126649077,0.9999958603698392
Logistic Regression,0.08788598574821853,0.24591029023746702,0.9999957867210036
Logistic Regression,0.08836104513064133,0.24591029023746702,0.9999957647879475
Logistic Regression,0.08836104513064133,0.24802110817941952,0.9999956050617692
Logistic Regression,0.08883610451306413,0.24802110817941952,0.9999955956596562
Logistic Regression,0.08883610451306413,0.24854881266490766,0.9999955876198138
Logistic Regression,0.09216152019002376,0.24854881266490766,0.9999952849101432
Logistic Regression,0.09216152019002376,0.24960422163588392,0.9999952731616032
Logistic Regression,0.09311163895486936,0.24960422163588392,0.9999952187663773
Logistic Regression,0.09311163895486936,0.25013192612137203,0.9999952011807597
Logistic Regression,0.09358669833729216,0.25013192612137203,0.999995137809159
Logistic Regression,0.09358669833729216,0.25065963060686014,0.9999950685681499
Logistic Regression,0.09406175771971496,0.25065963060686014,0.9999950140376987
Logistic Regression,0.09406175771971496,0.2517150395778364,0.9999950041980158
Logistic Regression,0.09501187648456057,0.2517150395778364,0.9999949616637297
Logistic Regression,0.09501187648456057,0.25224274406332453,0.9999949295012529
Logistic Regression,0.09548693586698337,0.25224274406332453,0.9999948799863055
Logistic Regression,0.09548693586698337,0.2532981530343008,0.999994835685665
Logistic Regression,0.09596199524940617,0.2532981530343008,0.9999947559444489
Logistic Regression,0.09596199524940617,0.2538258575197889,0.999994670702289
Logistic Regression,0.09643705463182897,0.2538258575197889,0.9999946511525765
Logistic Regression,0.09643705463182897,0.2554089709762533,0.9999945259657518
Logistic Regression,0.09691211401425179,0.2554089709762533,0.9999945156337282
Logistic Regression,0.09691211401425179,0.2559366754617414,0.9999944681963132
Logistic Regression,0.09738717339667459,0.2559366754617414,0.9999944314170685
Logistic Regression,0.09738717339667459,0.25804749340369393,0.9999943625973572
Logistic Regression,0.09833729216152019,0.25804749340369393,0.9999942123341407
Logistic Regression,0.09833729216152019,0.25857519788918204,0.9999941957334406
Logistic Regression,0.1016627078384798,0.25857519788918204,0.999993989020341
Logistic Regression,0.1016627078384798,0.2591029023746702,0.9999938911290661
Logistic Regression,0.1021377672209026,0.2591029023746702,0.9999938831890636
Logistic Regression,0.1021377672209026,0.2596306068601583,0.9999937884218545
Logistic Regression,0.10261282660332542,0.2596306068601583,0.9999937576488455
Logistic Regression,0.10261282660332542,0.26015831134564643,0.9999936917708753
Logistic Regression,0.10498812351543943,0.26015831134564643,0.9999934971010696
Logistic Regression,0.10498812351543943,0.26068601583113454,0.9999934295377622
Logistic Regression,0.10546318289786223,0.26068601583113454,0.9999933811498826
Logistic Regression,0.10546318289786223,0.2612137203166227,0.9999933034288129
Logistic Regression,0.10641330166270783,0.2612137203166227,0.9999932655189905
Logistic Regression,0.10641330166270783,0.26279683377308705,0.9999932380261797
Logistic Regression,0.10736342042755344,0.26279683377308705,0.9999932083091798
Logistic Regression,0.10736342042755344,0.2633245382585752,0.9999931234547473
Logistic Regression,0.10878859857482186,0.2633245382585752,0.9999929857246843
Logistic Regression,0.10878859857482186,0.26437994722955144,0.9999929172502098
Logistic Regression,0.10926365795724466,0.26437994722955144,0.999992888553726
Logistic Regression,0.10926365795724466,0.26649076517150394,0.9999926189143094
Logistic Regression,0.11021377672209026,0.26649076517150394,0.9999925658838666
Logistic Regression,0.11021377672209026,0.26807387862796833,0.9999924794068126
Logistic Regression,0.11068883610451306,0.26807387862796833,0.9999924529337594
Logistic Regression,0.11068883610451306,0.26860158311345644,0.9999923633163292
Logistic Regression,0.11116389548693587,0.26860158311345644,0.9999923527228921
Logistic Regression,0.11116389548693587,0.2696569920844327,0.9999923066783124
Logistic Regression,0.11211401425178147,0.2696569920844327,0.9999921825969691
Logistic Regression,0.11211401425178147,0.2712401055408971,0.9999918398176252
Logistic Regression,0.11258907363420427,0.2712401055408971,0.999991690094805
Logistic Regression,0.11258907363420427,0.27440633245382584,0.9999915037059324
Logistic Regression,0.11306413301662707,0.27440633245382584,0.999991320553885
Logistic Regression,0.11306413301662707,0.274934036939314,0.999991265525363
Logistic Regression,0.11353919239904989,0.274934036939314,0.9999912310746271
Logistic Regression,0.11353919239904989,0.2754617414248021,0.9999911422737063
Logistic Regression,0.11448931116389549,0.2754617414248021,0.9999910402615032
Logistic Regression,0.11448931116389549,0.27598944591029023,0.9999910364077352
Logistic Regression,0.1154394299287411,0.27598944591029023,0.9999909852095112
Logistic Regression,0.1154394299287411,0.27651715039577834,0.9999908889679509
Logistic Regression,0.1182897862232779,0.27651715039577834,0.9999902506192182
Logistic Regression,0.1182897862232779,0.2775725593667546,0.9999900038613984
Logistic Regression,0.1187648456057007,0.2775725593667546,0.9999899657978376
Logistic Regression,0.1187648456057007,0.27862796833773085,0.9999899209497425
Logistic Regression,0.11923990498812352,0.27862796833773085,0.9999898784752541
Logistic Regression,0.11923990498812352,0.28073878627968335,0.99998964531807
Logistic Regression,0.11971496437054632,0.28073878627968335,0.9999894474337763
Logistic Regression,0.11971496437054632,0.283377308707124,0.9999890603274438
Logistic Regression,0.12161520190023753,0.283377308707124,0.9999888288851501
Logistic Regression,0.12161520190023753,0.28390501319261213,0.9999886900966998
Logistic Regression,0.12209026128266033,0.28390501319261213,0.9999884880592175
Logistic Regression,0.12209026128266033,0.28443271767810024,0.9999884192440297
Logistic Regression,0.12256532066508313,0.28443271767810024,0.9999884009372616
Logistic Regression,0.12256532066508313,0.28601583113456464,0.9999881610590288
Logistic Regression,0.12304038004750593,0.28601583113456464,0.9999880513702416
Logistic Regression,0.12304038004750593,0.2870712401055409,0.999987957373331
Logistic Regression,0.12494061757719715,0.2870712401055409,0.9999877235954663
Logistic Regression,0.12494061757719715,0.28865435356200525,0.9999876404016474
Logistic Regression,0.12541567695961994,0.28865435356200525,0.9999875453659036
Logistic Regression,0.12541567695961994,0.29023746701846964,0.9999870953807163
Logistic Regression,0.12589073634204276,0.29023746701846964,0.9999868013738595
Logistic Regression,0.12589073634204276,0.2912928759894459,0.9999866499151157
Logistic Regression,0.12684085510688836,0.2912928759894459,0.999986419114275
Logistic Regression,0.12684085510688836,0.29234828496042214,0.9999864008703759
Logistic Regression,0.12731591448931118,0.29234828496042214,0.9999863823515446
Logistic Regression,0.12731591448931118,0.2928759894459103,0.9999862410896853
Logistic Regression,0.12779097387173396,0.2928759894459103,0.9999861784939316
Logistic Regression,0.12779097387173396,0.2934036939313984,0.9999861334308353
Logistic Regression,0.12826603325415678,0.2934036939313984,0.9999861192843984
Logistic Regression,0.12826603325415678,0.29445910290237465,0.9999860119205978
Logistic Regression,0.13064133016627077,0.29445910290237465,0.9999857277172556
Logistic Regression,0.13064133016627077,0.29604221635883904,0.9999855372449936
Logistic Regression,0.13159144893111638,0.29604221635883904,0.9999854579187922
Logistic Regression,0.13159144893111638,0.29762532981530343,0.9999853153863767
Logistic Regression,0.13254156769596198,0.29762532981530343,0.9999852795640443
Logistic Regression,0.13254156769596198,0.29815303430079154,0.9999852398561384
Logistic Regression,0.134916864608076,0.29815303430079154,0.9999847592908516
Logistic Regression,0.134916864608076,0.2986807387862797,0.9999843611187297
Logistic Regression,0.1358669833729216,0.2986807387862797,0.9999837934268583
Logistic Regression,0.1358669833729216,0.2992084432717678,0.9999837532154118
Logistic Regression,0.1368171021377672,0.2992084432717678,0.9999836011482676
Logistic Regression,0.1368171021377672,0.29973614775725593,0.9999832938371966
Logistic Regression,0.1377672209026128,0.29973614775725593,0.9999831035751475
Logistic Regression,0.1377672209026128,0.30026385224274404,0.9999831021494124
Logistic Regression,0.13824228028503563,0.30026385224274404,0.9999829576732409
Logistic Regression,0.13824228028503563,0.3013192612137203,0.9999822465404807
Logistic Regression,0.13871733966745844,0.3013192612137203,0.9999820806525767
Logistic Regression,0.13871733966745844,0.30184696569920844,0.9999820230762438
Logistic Regression,0.13966745843230405,0.30184696569920844,0.9999819214805348
Logistic Regression,0.13966745843230405,0.30448548812664905,0.9999806989109127
Logistic Regression,0.14061757719714965,0.30448548812664905,0.9999806309136836
Logistic Regression,0.14061757719714965,0.3050131926121372,0.9999805867762732
Logistic Regression,0.14156769596199525,0.3050131926121372,0.9999801882122508
Logistic Regression,0.14156769596199525,0.30554089709762533,0.9999801187464289
Logistic Regression,0.14204275534441804,0.30554089709762533,0.9999799549526954
Logistic Regression,0.14204275534441804,0.30606860158311344,0.9999799052498303
Logistic Regression,0.14251781472684086,0.30606860158311344,0.999979872835452
Logistic Regression,0.14251781472684086,0.3065963060686016,0.9999795094820609
Logistic Regression,0.14584323040380048,0.3065963060686016,0.9999785602997754
Logistic Regression,0.14584323040380048,0.3071240105540897,0.9999784077133927
Logistic Regression,0.14631828978622327,0.3071240105540897,0.9999782469387004
Logistic Regression,0.14631828978622327,0.30817941952506595,0.9999780695141355
Logistic Regression,0.1467933491686461,0.30817941952506595,0.9999776397307752
Logistic Regression,0.1467933491686461,0.3087071240105541,0.9999774838438771
Logistic Regression,0.14821852731591448,0.3087071240105541,0.9999770354085935
Logistic Regression,0.14821852731591448,0.3092348284960422,0.9999766554925569
Logistic Regression,0.1486935866983373,0.3092348284960422,0.9999765523322786
Logistic Regression,0.1486935866983373,0.31029023746701845,0.9999761575582277
Logistic Regression,0.14916864608076008,0.31029023746701845,0.9999761488519611
Logistic Regression,0.14916864608076008,0.3108179419525066,0.9999758838010625
Logistic Regression,0.1501187648456057,0.3108179419525066,0.9999754459013515
Logistic Regression,0.1501187648456057,0.31398416886543534,0.9999743438932308
Logistic Regression,0.1505938242280285,0.31398416886543534,0.9999741562127973
Logistic Regression,0.1505938242280285,0.31556728232189973,0.9999739448455864
Logistic Regression,0.15581947743467933,0.31556728232189973,0.9999722252786153
Logistic Regression,0.15581947743467933,0.3187335092348285,0.9999717044342696
Logistic Regression,0.15676959619952494,0.3187335092348285,0.9999710658921152
Logistic Regression,0.15676959619952494,0.32031662269129285,0.9999705663659055
Logistic Regression,0.15771971496437054,0.32031662269129285,0.9999705163233963
Logistic Regression,0.15771971496437054,0.32137203166226913,0.9999701626559074
Logistic Regression,0.15866983372921614,0.32137203166226913,0.999969981493766
Logistic Regression,0.15866983372921614,0.32189973614775724,0.9999697428119964
Logistic Regression,0.16199524940617577,0.32189973614775724,0.9999679946915443
Logistic Regression,0.16199524940617577,0.3224274406332454,0.9999677386952402
Logistic Regression,0.16247030878859858,0.3224274406332454,0.9999675795729001
Logistic Regression,0.16247030878859858,0.32401055408970975,0.9999667068814291
Logistic Regression,0.16294536817102137,0.32401055408970975,0.9999660656007704
Logistic Regression,0.16294536817102137,0.32559366754617414,0.9999637781305326
Logistic Regression,0.16389548693586697,0.32559366754617414,0.9999628319134721
Logistic Regression,0.16389548693586697,0.3266490765171504,0.9999625954668385
Logistic Regression,0.1643705463182898,0.3266490765171504,0.9999619785748616
Logistic Regression,0.1643705463182898,0.32717678100263853,0.9999615524971841
Logistic Regression,0.166270783847981,0.32717678100263853,0.9999610255831631
Logistic Regression,0.166270783847981,0.32928759894459103,0.9999607535082434
Logistic Regression,0.1667458432304038,0.32928759894459103,0.9999606671423252
Logistic Regression,0.1667458432304038,0.33034300791556725,0.9999602452656429
Logistic Regression,0.16769596199524942,0.33034300791556725,0.9999600307171608
Logistic Regression,0.16769596199524942,0.33403693931398415,0.9999583912246043
Logistic Regression,0.1700712589073634,0.33403693931398415,0.9999571917409006
Logistic Regression,0.1700712589073634,0.3345646437994723,0.9999566116879114
Logistic Regression,0.171021377672209,0.3345646437994723,0.9999564537025578
Logistic Regression,0.171021377672209,0.33509234828496043,0.999956426099476
Logistic Regression,0.17149643705463183,0.33509234828496043,0.999956286718557
Logistic Regression,0.17149643705463183,0.33614775725593665,0.9999554544426739
Logistic Regression,0.17244655581947743,0.33614775725593665,0.9999548650236217
Logistic Regression,0.17244655581947743,0.3366754617414248,0.9999544063279051
Logistic Regression,0.17339667458432304,0.3366754617414248,0.9999531518574934
Logistic Regression,0.17339667458432304,0.33720316622691293,0.9999528795100692
Logistic Regression,0.17434679334916864,0.33720316622691293,0.9999517010697708
Logistic Regression,0.17434679334916864,0.33773087071240104,0.9999511760221859
Logistic Regression,0.17529691211401424,0.33773087071240104,0.9999507834691462
Logistic Regression,0.17529691211401424,0.33825857519788916,0.9999507060075348
Logistic Regression,0.17672209026128266,0.33825857519788916,0.9999496091437935
Logistic Regression,0.17672209026128266,0.33931398416886543,0.9999488233419245
Logistic Regression,0.17767220902612826,0.33931398416886543,0.9999484643408302
Logistic Regression,0.17767220902612826,0.33984168865435355,0.9999477027658455
Logistic Regression,0.17862232779097387,0.33984168865435355,0.9999472996174161
Logistic Regression,0.17862232779097387,0.34142480211081794,0.9999456974990233
Logistic Regression,0.17909738717339668,0.34142480211081794,0.9999455281683042
Logistic Regression,0.17909738717339668,0.34195250659630605,0.999945384286359
Logistic Regression,0.18147268408551068,0.34195250659630605,0.9999438940402805
Logistic Regression,0.18147268408551068,0.3424802110817942,0.9999435242862474
Logistic Regression,0.1824228028503563,0.3424802110817942,0.9999426076621747
Logistic Regression,0.1824228028503563,0.34300791556728233,0.9999423138102375
Logistic Regression,0.1838479809976247,0.34300791556728233,0.9999405297573702
Logistic Regression,0.1838479809976247,0.34353562005277044,0.9999396121502359
Logistic Regression,0.18622327790973872,0.34353562005277044,0.9999384166766652
Logistic Regression,0.18622327790973872,0.34406332453825855,0.9999382206285579
Logistic Regression,0.1866983372921615,0.34406332453825855,0.9999380249597287
Logistic Regression,0.1866983372921615,0.34511873350923483,0.9999374518098402
Logistic Regression,0.18859857482185274,0.34511873350923483,0.9999367569017931
Logistic Regression,0.18859857482185274,0.34775725593667545,0.9999315912032765
Logistic Regression,0.18954869358669835,0.34775725593667545,0.9999305605318615
Logistic Regression,0.18954869358669835,0.3482849604221636,0.9999304419025894
Logistic Regression,0.19002375296912113,0.3482849604221636,0.9999301965594013
Logistic Regression,0.19002375296912113,0.3488126649076517,0.999930050689457
Logistic Regression,0.19097387173396674,0.3488126649076517,0.9999294750237067
Logistic Regression,0.19097387173396674,0.34934036939313984,0.9999293800689073
Logistic Regression,0.19287410926365794,0.34934036939313984,0.9999282390484447
Logistic Regression,0.19287410926365794,0.35092348284960423,0.9999278197309139
Logistic Regression,0.19334916864608076,0.35092348284960423,0.9999277774831362
Logistic Regression,0.19334916864608076,0.35145118733509234,0.9999271607732167
Logistic Regression,0.19667458432304039,0.35145118733509234,0.9999214905788516
Logistic Regression,0.19667458432304039,0.35197889182058045,0.9999214252846359
Logistic Regression,0.197624703087886,0.35197889182058045,0.9999213115660828
Logistic Regression,0.197624703087886,0.35303430079155673,0.9999207069311231
Logistic Regression,0.1985748218527316,0.35303430079155673,0.9999197205768933
Logistic Regression,0.1985748218527316,0.35356200527704484,0.9999196310264998
Logistic Regression,0.1990498812351544,0.35356200527704484,0.99991767177845
Logistic Regression,0.1990498812351544,0.3546174142480211,0.9999150804903764
Logistic Regression,0.2,0.3546174142480211,0.9999137944103157
Logistic Regression,0.2,0.35567282321899735,0.9999126814936008
Logistic Regression,0.2004750593824228,0.35567282321899735,0.9999126026981294
Logistic Regression,0.2004750593824228,0.3567282321899736,0.9999120352542856
Logistic Regression,0.20095011876484561,0.3567282321899736,0.9999117007244801
Logistic Regression,0.20095011876484561,0.358311345646438,0.9999105083675044
Logistic Regression,0.2014251781472684,0.358311345646438,0.9999102694763206
Logistic Regression,0.2014251781472684,0.35936675461741424,0.9999088574051974
Logistic Regression,0.20190023752969122,0.35936675461741424,0.9999088505289128
Logistic Regression,0.20190023752969122,0.36094986807387863,0.9999083767242772
Logistic Regression,0.202375296912114,0.36094986807387863,0.9999073498198066
Logistic Regression,0.202375296912114,0.36147757255936674,0.9999070505216074
Logistic Regression,0.20285035629453682,0.36147757255936674,0.9999064723128036
Logistic Regression,0.20285035629453682,0.36358839050131925,0.999905657952054
Logistic Regression,0.20380047505938242,0.36358839050131925,0.9999029267100256
Logistic Regression,0.20380047505938242,0.3646437994722955,0.9999022452169156
Logistic Regression,0.20570071258907363,0.3646437994722955,0.9998999141280468
Logistic Regression,0.20570071258907363,0.36517150395778364,0.9998990212549832
Logistic Regression,0.20665083135391923,0.36517150395778364,0.9998989380625546
Logistic Regression,0.20665083135391923,0.3662269129287599,0.999897979919921
Logistic Regression,0.20712589073634205,0.3662269129287599,0.9998973360717871
Logistic Regression,0.20712589073634205,0.36781002638522425,0.9998958780680643
Logistic Regression,0.20807600950118765,0.36781002638522425,0.9998956212323971
Logistic Regression,0.20807600950118765,0.3683377308707124,0.9998952031961389
Logistic Regression,0.20855106888361044,0.3683377308707124,0.9998946515357188
Logistic Regression,0.20855106888361044,0.36886543535620053,0.9998945773814106
Logistic Regression,0.21045130641330168,0.36886543535620053,0.9998917266172443
Logistic Regression,0.21045130641330168,0.36939313984168864,0.9998914279359158
Logistic Regression,0.21140142517814728,0.36939313984168864,0.9998905905177012
Logistic Regression,0.21140142517814728,0.36992084432717676,0.9998899719962372
Logistic Regression,0.21235154394299288,0.36992084432717676,0.9998885706581079
Logistic Regression,0.21235154394299288,0.37097625329815304,0.9998882974108063
Logistic Regression,0.21377672209026127,0.37097625329815304,0.9998843321162005
Logistic Regression,0.21377672209026127,0.37150395778364115,0.999883905509381
Logistic Regression,0.21472684085510688,0.37150395778364115,0.9998833090497014
Logistic Regression,0.21472684085510688,0.3720316622691293,0.9998820359019652
Logistic Regression,0.2152019002375297,0.3720316622691293,0.9998817753819967
Logistic Regression,0.2152019002375297,0.3741424802110818,0.9998789834969355
Logistic Regression,0.2156769596199525,0.3741424802110818,0.9998781808017748
Logistic Regression,0.2156769596199525,0.37519788918205804,0.9998776285310953
Logistic Regression,0.2190023752969121,0.37519788918205804,0.9998712217990319
Logistic Regression,0.2190023752969121,0.3762532981530343,0.9998692338321783
Logistic Regression,0.22042755344418052,0.3762532981530343,0.9998677979271423
Logistic Regression,0.22042755344418052,0.37678100263852243,0.9998672120060452
Logistic Regression,0.22137767220902613,0.37678100263852243,0.9998644201388096
Logistic Regression,0.22137767220902613,0.37730870712401055,0.9998639709423085
Logistic Regression,0.22232779097387173,0.37730870712401055,0.9998628007369813
Logistic Regression,0.22232779097387173,0.37783641160949866,0.9998626829696747
Logistic Regression,0.22327790973871733,0.37783641160949866,0.9998614641086245
Logistic Regression,0.22327790973871733,0.37889182058047494,0.9998594903136179
Logistic Regression,0.22375296912114015,0.37889182058047494,0.9998580523205861
Logistic Regression,0.22375296912114015,0.37941952506596305,0.9998573061823577
Logistic Regression,0.22422802850356294,0.37941952506596305,0.999856874906231
Logistic Regression,0.22422802850356294,0.3804749340369393,0.9998563524525904
Logistic Regression,0.22517814726840854,0.3804749340369393,0.9998552313973644
Logistic Regression,0.22517814726840854,0.38100263852242744,0.9998538908425386
Logistic Regression,0.22565320665083136,0.38100263852242744,0.9998510790037569
Logistic Regression,0.22565320665083136,0.38153034300791555,0.9998496621996132
Logistic Regression,0.22660332541567696,0.38153034300791555,0.9998479500277945
Logistic Regression,0.22660332541567696,0.3820580474934037,0.9998478561744992
Logistic Regression,0.22707838479809977,0.3820580474934037,0.9998469035442984
Logistic Regression,0.22707838479809977,0.38522427440633245,0.9998426810123491
Logistic Regression,0.22755344418052256,0.38522427440633245,0.999841362763531
Logistic Regression,0.22755344418052256,0.38575197889182056,0.9998410646347183
Logistic Regression,0.22802850356294538,0.38575197889182056,0.9998407114584089
Logistic Regression,0.22802850356294538,0.38680738786279684,0.9998393737587349
Logistic Regression,0.22897862232779098,0.38680738786279684,0.9998350113629877
Logistic Regression,0.22897862232779098,0.38733509234828495,0.999834816760277
Logistic Regression,0.22945368171021377,0.38733509234828495,0.9998341913525486
Logistic Regression,0.22945368171021377,0.39050131926121373,0.9998308630541888
Logistic Regression,0.22992874109263658,0.39050131926121373,0.9998254058812174
Logistic Regression,0.22992874109263658,0.39102902374670184,0.9998253234743345
Logistic Regression,0.2318289786223278,0.39102902374670184,0.9998235447499905
Logistic Regression,0.2318289786223278,0.39155672823218995,0.9998227787337806
Logistic Regression,0.2327790973871734,0.39155672823218995,0.9998219020885568
Logistic Regression,0.2327790973871734,0.39261213720316623,0.9998213825770146
Logistic Regression,0.2342042755344418,0.39261213720316623,0.9998156706142334
Logistic Regression,0.2342042755344418,0.3941952506596306,0.9998141769241485
Logistic Regression,0.23515439429928742,0.3941952506596306,0.9998089356013449
Logistic Regression,0.23515439429928742,0.39577836411609496,0.9998065259742424
Logistic Regression,0.2356294536817102,0.39577836411609496,0.999806322727728
Logistic Regression,0.2356294536817102,0.39630606860158313,0.9998056520480221
Logistic Regression,0.23800475059382423,0.39630606860158313,0.9998008276969478
Logistic Regression,0.23800475059382423,0.39736147757255935,0.9997998034851123
Logistic Regression,0.23847980997624704,0.39736147757255935,0.9997994402279008
Logistic Regression,0.23847980997624704,0.3978891820580475,0.9997991393295608
Logistic Regression,0.24133016627078385,0.3978891820580475,0.9997925875443782
Logistic Regression,0.24133016627078385,0.39947229551451185,0.999790492182336
Logistic Regression,0.24180522565320664,0.39947229551451185,0.9997902624478194
Logistic Regression,0.24180522565320664,0.40052770448548813,0.9997891440339708
Logistic Regression,0.24228028503562946,0.40052770448548813,0.999789085890371
Logistic Regression,0.24228028503562946,0.40105540897097625,0.9997884731385024
Logistic Regression,0.24275534441805224,0.40105540897097625,0.9997873256655387
Logistic Regression,0.24275534441805224,0.40158311345646436,0.9997869004167338
Logistic Regression,0.24323040380047506,0.40158311345646436,0.9997867676009211
Logistic Regression,0.24323040380047506,0.40263852242744064,0.9997845587428208
Logistic Regression,0.24465558194774348,0.40263852242744064,0.9997814803209601
Logistic Regression,0.24465558194774348,0.40422163588390503,0.9997802386323106
Logistic Regression,0.24513064133016627,0.40422163588390503,0.9997791918636706
Logistic Regression,0.24513064133016627,0.4058047493403694,0.9997775685295207
Logistic Regression,0.24703087885985747,0.4058047493403694,0.9997733310423165
Logistic Regression,0.24703087885985747,0.40686015831134564,0.9997727358524443
Logistic Regression,0.2475059382422803,0.40686015831134564,0.9997723800877168
Logistic Regression,0.2475059382422803,0.4079155672823219,0.9997721725038763
Logistic Regression,0.2484560570071259,0.4079155672823219,0.9997702091760285
Logistic Regression,0.2484560570071259,0.4100263852242744,0.9997672902660173
Logistic Regression,0.2489311163895487,0.4100263852242744,0.9997664578709908
Logistic Regression,0.2489311163895487,0.41160949868073876,0.9997645166876519
Logistic Regression,0.2494061757719715,0.41160949868073876,0.9997639310570238
Logistic Regression,0.2494061757719715,0.41213720316622693,0.9997628731383084
Logistic Regression,0.2498812351543943,0.41213720316622693,0.9997606504457603
Logistic Regression,0.2498812351543943,0.4137203166226913,0.9997567121169848
Logistic Regression,0.2527315914489311,0.4137203166226913,0.9997547248349337
Logistic Regression,0.2527315914489311,0.41424802110817943,0.9997527778944968
Logistic Regression,0.2536817102137767,0.41424802110817943,0.9997492560398679
Logistic Regression,0.2536817102137767,0.41530343007915566,0.9997474709108454
Logistic Regression,0.25415676959619954,0.41530343007915566,0.9997463118690258
Logistic Regression,0.25415676959619954,0.41635883905013193,0.9997441837307081
Logistic Regression,0.25558194774346793,0.41635883905013193,0.9997415679098911
Logistic Regression,0.25558194774346793,0.41741424802110816,0.9997409184141204
Logistic Regression,0.25605700712589075,0.41741424802110816,0.9997402862756367
Logistic Regression,0.25605700712589075,0.4179419525065963,0.9997382671321585
Logistic Regression,0.2570071258907363,0.4179419525065963,0.9997330228141657
Logistic Regression,0.2570071258907363,0.42005277044854883,0.999730095637051
Logistic Regression,0.25748218527315914,0.42005277044854883,0.9997266685067806
Logistic Regression,0.25748218527315914,0.42110817941952505,0.9997261626631273
Logistic Regression,0.25795724465558195,0.42110817941952505,0.9997242064932569
Logistic Regression,0.25795724465558195,0.4216358839050132,0.9997238324820672
Logistic Regression,0.2589073634204275,0.4216358839050132,0.9997217190099419
Logistic Regression,0.2589073634204275,0.42216358839050133,0.9997213228430546
Logistic Regression,0.25985748218527316,0.42216358839050133,0.9997165742260643
Logistic Regression,0.25985748218527316,0.42321899736147756,0.9997130318290635
Logistic Regression,0.260332541567696,0.42321899736147756,0.9997102768152186
Logistic Regression,0.260332541567696,0.42532981530343006,0.9997050042188005
Logistic Regression,0.2608076009501188,0.42532981530343006,0.9997047855976384
Logistic Regression,0.2608076009501188,0.4258575197889182,0.9997008992838141
Logistic Regression,0.26175771971496437,0.4258575197889182,0.9996981954026286
Logistic Regression,0.26175771971496437,0.42638522427440634,0.9996976321933589
Logistic Regression,0.2622327790973872,0.42638522427440634,0.9996938770000647
Logistic Regression,0.2622327790973872,0.43007915567282323,0.9996842533970434
Logistic Regression,0.2641330166270784,0.43007915567282323,0.9996808291127356
Logistic Regression,0.2641330166270784,0.43113456464379946,0.9996791302548439
Logistic Regression,0.2646080760095012,0.43113456464379946,0.9996781755041487
Logistic Regression,0.2646080760095012,0.4316622691292876,0.9996770096934134
Logistic Regression,0.26508313539192396,0.4316622691292876,0.999677008377049
Logistic Regression,0.26508313539192396,0.43641160949868074,0.9996659171116079
Logistic Regression,0.2655581947743468,0.43641160949868074,0.9996651969284606
Logistic Regression,0.2655581947743468,0.43746701846965697,0.9996630516215061
Logistic Regression,0.2660332541567696,0.43746701846965697,0.9996629306056755
Logistic Regression,0.2660332541567696,0.43799472295514513,0.9996578987285455
Logistic Regression,0.2665083135391924,0.43799472295514513,0.999654375068676
Logistic Regression,0.2665083135391924,0.44010554089709764,0.9996430601738506
Logistic Regression,0.2679334916864608,0.44010554089709764,0.9996393502201188
Logistic Regression,0.2679334916864608,0.44063324538258575,0.9996379560032733
Logistic Regression,0.26888361045130643,0.44063324538258575,0.9996370492442277
Logistic Regression,0.26888361045130643,0.44116094986807386,0.9996354507857876
Logistic Regression,0.269833729216152,0.44116094986807386,0.9996349694879768
Logistic Regression,0.269833729216152,0.44221635883905014,0.9996315315648461
Logistic Regression,0.2703087885985748,0.44221635883905014,0.9996309823987715
Logistic Regression,0.2703087885985748,0.44327176781002636,0.999630002411022
Logistic Regression,0.2717339667458432,0.44327176781002636,0.9996227033308155
Logistic Regression,0.2717339667458432,0.44379947229551453,0.9996174322181752
Logistic Regression,0.27268408551068885,0.44379947229551453,0.9996149585986112
Logistic Regression,0.27268408551068885,0.44591029023746703,0.9996088544874805
Logistic Regression,0.2736342042755344,0.44591029023746703,0.9996077624523367
Logistic Regression,0.2736342042755344,0.44907651715039576,0.9995967763555774
Logistic Regression,0.27410926365795724,0.44907651715039576,0.9995967748451932
Logistic Regression,0.27410926365795724,0.4496042216358839,0.9995967599897316
Logistic Regression,0.27458432304038005,0.4496042216358839,0.9995952478888398
Logistic Regression,0.27458432304038005,0.45013192612137204,0.9995910285986246
Logistic Regression,0.27505938242280287,0.45013192612137204,0.9995904478403863
Logistic Regression,0.27505938242280287,0.45224274406332454,0.9995864207557396
Logistic Regression,0.2755344418052256,0.45224274406332454,0.999585650586964
Logistic Regression,0.2755344418052256,0.45277044854881265,0.999584905751114
Logistic Regression,0.27600950118764844,0.45277044854881265,0.9995821605985943
Logistic Regression,0.27600950118764844,0.45329815303430077,0.9995803754675374
Logistic Regression,0.27648456057007126,0.45329815303430077,0.9995780495761845
Logistic Regression,0.27648456057007126,0.45382585751978893,0.9995780264025743
Logistic Regression,0.2774346793349169,0.45382585751978893,0.9995769330316774
Logistic Regression,0.2774346793349169,0.45435356200527705,0.9995727866469274
Logistic Regression,0.27790973871733965,0.45435356200527705,0.9995720870160107
Logistic Regression,0.27790973871733965,0.45488126649076516,0.9995717845191499
Logistic Regression,0.2788598574821853,0.45488126649076516,0.9995701384044827
Logistic Regression,0.2788598574821853,0.4554089709762533,0.999569142443494
Logistic Regression,0.2793349168646081,0.4554089709762533,0.9995683886066627
Logistic Regression,0.2793349168646081,0.45593667546174144,0.9995647768021758
Logistic Regression,0.28028503562945367,0.45593667546174144,0.9995579764128582
Logistic Regression,0.28028503562945367,0.45646437994722955,0.999556961457149
Logistic Regression,0.2807600950118765,0.45646437994722955,0.9995560107965775
Logistic Regression,0.2807600950118765,0.45699208443271766,0.9995539478631771
Logistic Regression,0.2812351543942993,0.45699208443271766,0.9995525331378978
Logistic Regression,0.2812351543942993,0.45857519788918205,0.9995482227271745
Logistic Regression,0.2821852731591449,0.45857519788918205,0.999541381852564
Logistic Regression,0.2821852731591449,0.45910290237467016,0.9995359443322037
Logistic Regression,0.2826603325415677,0.45910290237467016,0.9995349655301171
Logistic Regression,0.2826603325415677,0.46015831134564644,0.9995326984693226
Logistic Regression,0.2831353919239905,0.46015831134564644,0.9995326153667887
Logistic Regression,0.2831353919239905,0.46068601583113455,0.9995317412982757
Logistic Regression,0.2836104513064133,0.46068601583113455,0.9995314779234581
Logistic Regression,0.2836104513064133,0.46174142480211083,0.999530218954211
Logistic Regression,0.2845605700712589,0.46174142480211083,0.9995267932703723
Logistic Regression,0.2845605700712589,0.46490765171503956,0.9994984233513352
Logistic Regression,0.28551068883610453,0.46490765171503956,0.9994951059171703
Logistic Regression,0.28551068883610453,0.46596306068601584,0.9994893526520111
Logistic Regression,0.2859857482185273,0.46596306068601584,0.9994873244394092
Logistic Regression,0.2859857482185273,0.46807387862796834,0.9994815588443099
Logistic Regression,0.2864608076009501,0.46807387862796834,0.999481242183411
Logistic Regression,0.2864608076009501,0.46965699208443273,0.9994792731821933
Logistic Regression,0.28883610451306413,0.46965699208443273,0.9994673063478127
Logistic Regression,0.28883610451306413,0.47018469656992085,0.9994633970747734
Logistic Regression,0.2902612826603325,0.47018469656992085,0.999461884398795
Logistic Regression,0.2902612826603325,0.4712401055408971,0.9994598619843978
Logistic Regression,0.29168646080760097,0.4712401055408971,0.9994497756545606
Logistic Regression,0.29168646080760097,0.47176781002638524,0.9994466403009671
Logistic Regression,0.29263657957244654,0.47176781002638524,0.9994434866272268
Logistic Regression,0.29263657957244654,0.47335092348284963,0.9994277968559125
Logistic Regression,0.2935866983372922,0.47335092348284963,0.9994236789105735
Logistic Regression,0.2935866983372922,0.47704485488126647,0.9994016808978717
Logistic Regression,0.294061757719715,0.47704485488126647,0.9993980111512388
Logistic Regression,0.294061757719715,0.47757255936675463,0.9993862243037843
Logistic Regression,0.29453681710213775,0.47757255936675463,0.9993756784022748
Logistic Regression,0.29453681710213775,0.47915567282321897,0.9993726471193051
Logistic Regression,0.2954869358669834,0.47915567282321897,0.9993719316605865
Logistic Regression,0.2954869358669834,0.48073878627968336,0.999359088159571
Logistic Regression,0.2959619952494062,0.48073878627968336,0.9993528914452157
Logistic Regression,0.2959619952494062,0.48337730870712403,0.9993452909429584
Logistic Regression,0.29833729216152016,0.48337730870712403,0.9993396854400036
Logistic Regression,0.29833729216152016,0.48443271767810026,0.9993335712869611
Logistic Regression,0.298812351543943,0.48443271767810026,0.9993290894738969
Logistic Regression,0.298812351543943,0.48496042216358837,0.99932446352841
Logistic Regression,0.2992874109263658,0.48496042216358837,0.9993199425031289
Logistic Regression,0.2992874109263658,0.48654353562005276,0.9993156879580932
Logistic Regression,0.2997624703087886,0.48654353562005276,0.9993141565145538
Logistic Regression,0.2997624703087886,0.48707124010554087,0.999311552523483
Logistic Regression,0.3002375296912114,0.48707124010554087,0.9993010553879621
Logistic Regression,0.3002375296912114,0.49182058047493404,0.9992843614069
Logistic Regression,0.3007125890736342,0.49182058047493404,0.9992839803619912
Logistic Regression,0.3007125890736342,0.49234828496042216,0.9992815295288391
Logistic Regression,0.30213776722090263,0.49234828496042216,0.9992776321237488
Logistic Regression,0.30213776722090263,0.49498680738786277,0.9992665657113476
Logistic Regression,0.3026128266033254,0.49498680738786277,0.9992599784457163
Logistic Regression,0.3026128266033254,0.49709762532981533,0.9992473999847422
Logistic Regression,0.3030878859857482,0.49709762532981533,0.999242626977466
Logistic Regression,0.3030878859857482,0.49815303430079155,0.9992388779635661
Logistic Regression,0.30451306413301665,0.49815303430079155,0.9992361697510846
Logistic Regression,0.30451306413301665,0.49868073878627966,0.9992241283951351
Logistic Regression,0.3049881235154394,0.49868073878627966,0.9992216604549289
Logistic Regression,0.3049881235154394,0.49973614775725594,0.9992192308834562
Logistic Regression,0.30546318289786223,0.49973614775725594,0.9992161317420758
Logistic Regression,0.30546318289786223,0.5002638522427441,0.9992143734765858
Logistic Regression,0.30593824228028504,0.5002638522427441,0.9992141745096522
Logistic Regression,0.30593824228028504,0.5018469656992084,0.9992102824433191
Logistic Regression,0.3068883610451306,0.5018469656992084,0.9992088345693216
Logistic Regression,0.3068883610451306,0.5029023746701847,0.9992015278187647
Logistic Regression,0.30831353919239907,0.5029023746701847,0.9991962755921368
Logistic Regression,0.30831353919239907,0.5034300791556728,0.9991961643795095
Logistic Regression,0.30973871733966746,0.5034300791556728,0.999188467171636
Logistic Regression,0.30973871733966746,0.503957783641161,0.9991830623482428
Logistic Regression,0.3102137767220903,0.503957783641161,0.9991818166647436
Logistic Regression,0.3102137767220903,0.5044854881266491,0.9991801762138717
Logistic Regression,0.31116389548693585,0.5044854881266491,0.9991565193576664
Logistic Regression,0.31116389548693585,0.5050131926121372,0.9991505416104329
Logistic Regression,0.31163895486935866,0.5050131926121372,0.9991477653263332
Logistic Regression,0.31163895486935866,0.5065963060686016,0.999143531815665
Logistic Regression,0.3121140142517815,0.5065963060686016,0.9991407251921613
Logistic Regression,0.3121140142517815,0.5087071240105541,0.9991286012613406
Logistic Regression,0.3140142517814727,0.5087071240105541,0.9991174419071219
Logistic Regression,0.3140142517814727,0.5092348284960422,0.9991145199410908
Logistic Regression,0.3154394299287411,0.5092348284960422,0.9991035667674559
Logistic Regression,0.3154394299287411,0.5097625329815303,0.9991000421092963
Logistic Regression,0.3159144893111639,0.5097625329815303,0.9990990751545018
Logistic Regression,0.3159144893111639,0.5108179419525066,0.9990828370924124
Logistic Regression,0.3163895486935867,0.5108179419525066,0.9990789567651037
Logistic Regression,0.3163895486935867,0.5182058047493404,0.9990379314295438
Logistic Regression,0.3192399049881235,0.5182058047493404,0.9990045392339999
Logistic Regression,0.3192399049881235,0.5187335092348285,0.9989910137417085
Logistic Regression,0.32114014251781475,0.5187335092348285,0.998981658456038
Logistic Regression,0.32114014251781475,0.5197889182058048,0.9989765684096523
Logistic Regression,0.3216152019002375,0.5197889182058048,0.9989761666877867
Logistic Regression,0.3216152019002375,0.5203166226912929,0.9989745172224087
Logistic Regression,0.32209026128266033,0.5203166226912929,0.9989730568363311
Logistic Regression,0.32209026128266033,0.5213720316622691,0.9989662789850906
Logistic Regression,0.32256532066508314,0.5213720316622691,0.9989651644744987
Logistic Regression,0.32256532066508314,0.5224274406332454,0.9989506280025672
Logistic Regression,0.32304038004750596,0.5224274406332454,0.9989485322289128
Logistic Regression,0.32304038004750596,0.5240105540897098,0.998931885044733
Logistic Regression,0.32399049881235154,0.5240105540897098,0.9989225673696441
Logistic Regression,0.32399049881235154,0.5245382585751979,0.9989224767718059
Logistic Regression,0.32446555819477435,0.5245382585751979,0.9989196946898694
Logistic Regression,0.32446555819477435,0.525065963060686,0.9989193647245441
Logistic Regression,0.3254156769596199,0.525065963060686,0.9989159582631161
Logistic Regression,0.3254156769596199,0.5255936675461741,0.998913686490671
Logistic Regression,0.32589073634204274,0.5255936675461741,0.9989135086092038
Logistic Regression,0.32589073634204274,0.5271767810026385,0.9989065611442665
Logistic Regression,0.32636579572446556,0.5271767810026385,0.9988986642284678
Logistic Regression,0.32636579572446556,0.5282321899736148,0.9988955128554647
Logistic Regression,0.3268408551068884,0.5282321899736148,0.9988954449654701
Logistic Regression,0.3268408551068884,0.5298153034300792,0.9988940124778212
Logistic Regression,0.32826603325415676,0.5298153034300792,0.9988788851977369
Logistic Regression,0.32826603325415676,0.5319261213720317,0.9988700060592177
Logistic Regression,0.3287410926365796,0.5319261213720317,0.9988677247716491
Logistic Regression,0.3287410926365796,0.5324538258575198,0.9988655504192815
Logistic Regression,0.3292161520190024,0.5324538258575198,0.9988640531845694
Logistic Regression,0.3292161520190024,0.5345646437994723,0.9988542466428185
Logistic Regression,0.32969121140142515,0.5345646437994723,0.998851739281247
Logistic Regression,0.32969121140142515,0.5350923482849604,0.998846879173703
Logistic Regression,0.33016627078384797,0.5350923482849604,0.9988458632470092
Logistic Regression,0.33016627078384797,0.5356200527704486,0.998841765340976
Logistic Regression,0.332541567695962,0.5356200527704486,0.9988235842841178
Logistic Regression,0.332541567695962,0.5361477572559367,0.9988235500796865
Logistic Regression,0.3339667458432304,0.5361477572559367,0.9988209550670054
Logistic Regression,0.3339667458432304,0.5366754617414248,0.9988192630571832
Logistic Regression,0.3344418052256532,0.5366754617414248,0.9988125821261494
Logistic Regression,0.3344418052256532,0.5372031662269129,0.9988070959868377
Logistic Regression,0.334916864608076,0.5372031662269129,0.9988061275047957
Logistic Regression,0.334916864608076,0.5377308707124011,0.9987991566925534
Logistic Regression,0.33539192399049883,0.5377308707124011,0.9987962030488184
Logistic Regression,0.33539192399049883,0.5403693931398417,0.9987795847333959
Logistic Regression,0.3358669833729216,0.5403693931398417,0.9987708716170314
Logistic Regression,0.3358669833729216,0.5419525065963061,0.9987591076602833
Logistic Regression,0.3382422802850356,0.5419525065963061,0.9987356324599989
Logistic Regression,0.3382422802850356,0.5424802110817942,0.9987309842815133
Logistic Regression,0.33871733966745843,0.5424802110817942,0.9987260842347334
Logistic Regression,0.33871733966745843,0.5445910290237467,0.9987117364213665
Logistic Regression,0.33919239904988124,0.5445910290237467,0.9987115896837518
Logistic Regression,0.33919239904988124,0.5472295514511873,0.9986781565449507
Logistic Regression,0.34061757719714963,0.5472295514511873,0.9986676189341914
Logistic Regression,0.34061757719714963,0.5477572559366755,0.998663459664599
Logistic Regression,0.34109263657957245,0.5477572559366755,0.9986512673001092
Logistic Regression,0.34109263657957245,0.5525065963060686,0.9986091000717736
Logistic Regression,0.34156769596199527,0.5525065963060686,0.998602654031426
Logistic Regression,0.34156769596199527,0.5530343007915567,0.9986010988569777
Logistic Regression,0.342042755344418,0.5530343007915567,0.9985975650644938
Logistic Regression,0.342042755344418,0.5551451187335092,0.9985895785119311
Logistic Regression,0.34251781472684084,0.5551451187335092,0.9985862329000508
Logistic Regression,0.34251781472684084,0.5556728232189974,0.9985785262404723
Logistic Regression,0.34299287410926366,0.5556728232189974,0.9985744886834353
Logistic Regression,0.34299287410926366,0.5562005277044855,0.9985741416743482
Logistic Regression,0.3434679334916865,0.5562005277044855,0.9985643626589816
Logistic Regression,0.3434679334916865,0.5572559366754617,0.9985508818284403
Logistic Regression,0.34441805225653205,0.5572559366754617,0.9985353153766163
Logistic Regression,0.34441805225653205,0.5577836411609499,0.9985286776463824
Logistic Regression,0.34489311163895486,0.5577836411609499,0.9985202015529415
Logistic Regression,0.34489311163895486,0.5588390501319261,0.9985052327845957
Logistic Regression,0.3453681710213777,0.5588390501319261,0.9984973027732392
Logistic Regression,0.3453681710213777,0.5593667546174143,0.9984852215425586
Logistic Regression,0.3458432304038005,0.5593667546174143,0.9984851740243961
Logistic Regression,0.3458432304038005,0.5598944591029024,0.9984782395574476
Logistic Regression,0.34679334916864607,0.5598944591029024,0.998476112922957
Logistic Regression,0.34679334916864607,0.5620052770448549,0.9984397143029636
Logistic Regression,0.3472684085510689,0.5620052770448549,0.9984347643481025
Logistic Regression,0.3472684085510689,0.5641160949868074,0.998401761251082
Logistic Regression,0.3477434679334917,0.5641160949868074,0.9984007561921099
Logistic Regression,0.3477434679334917,0.5662269129287599,0.9983848587485343
Logistic Regression,0.3482185273159145,0.5662269129287599,0.9983735760995757
Logistic Regression,0.3482185273159145,0.5720316622691293,0.9983102808748711
Logistic Regression,0.3491686460807601,0.5720316622691293,0.9982930253727557
Logistic Regression,0.3491686460807601,0.5725593667546174,0.9982874193796214
Logistic Regression,0.3496437054631829,0.5725593667546174,0.9982810172980202
Logistic Regression,0.3496437054631829,0.575197889182058,0.9982382972739096
Logistic Regression,0.3501187648456057,0.575197889182058,0.9982339781194047
Logistic Regression,0.3501187648456057,0.5757255936675462,0.9982111878167031
Logistic Regression,0.3505938242280285,0.5757255936675462,0.998208853823529
Logistic Regression,0.3505938242280285,0.5773087071240105,0.9981999133759687
Logistic Regression,0.3510688836104513,0.5773087071240105,0.9981972752625764
Logistic Regression,0.3510688836104513,0.5778364116094987,0.9981916444066762
Logistic Regression,0.35201900237529693,0.5778364116094987,0.9981877171591896
Logistic Regression,0.35201900237529693,0.5794195250659631,0.9981539410590874
Logistic Regression,0.3524940617577197,0.5794195250659631,0.9981528418217668
Logistic Regression,0.3524940617577197,0.5815303430079156,0.998139409157023
Logistic Regression,0.3529691211401425,0.5815303430079156,0.99812466091478
Logistic Regression,0.3529691211401425,0.58311345646438,0.9981074510022518
Logistic Regression,0.35391923990498814,0.58311345646438,0.9980944910842243
Logistic Regression,0.35391923990498814,0.5846965699208443,0.9980698987267462
Logistic Regression,0.3553444180522565,0.5846965699208443,0.9980450058419682
Logistic Regression,0.3553444180522565,0.5862796833773087,0.9980292829855764
Logistic Regression,0.35629453681710216,0.5862796833773087,0.9980185045180933
Logistic Regression,0.35629453681710216,0.5889182058047493,0.9979979839601978
Logistic Regression,0.3567695961995249,0.5889182058047493,0.9979818224003152
Logistic Regression,0.3567695961995249,0.5899736147757256,0.997967093331954
Logistic Regression,0.35819477434679337,0.5899736147757256,0.9979455482466458
Logistic Regression,0.35819477434679337,0.5905013192612137,0.9979401110631047
Logistic Regression,0.3586698337292161,0.5905013192612137,0.9979352699182843
Logistic Regression,0.3586698337292161,0.5920844327176781,0.9978876094511021
Logistic Regression,0.35914489311163894,0.5920844327176781,0.9978794616452007
Logistic Regression,0.35914489311163894,0.5947229551451187,0.997839421811394
Logistic Regression,0.35961995249406176,0.5947229551451187,0.9978384021051303
Logistic Regression,0.35961995249406176,0.5952506596306069,0.9978324834353651
Logistic Regression,0.36009501187648457,0.5952506596306069,0.9978185488525809
Logistic Regression,0.36009501187648457,0.595778364116095,0.9978123424745841
Logistic Regression,0.36104513064133015,0.595778364116095,0.9977948892080256
Logistic Regression,0.36104513064133015,0.5968337730870712,0.9977903867081348
Logistic Regression,0.3619952494061758,0.5968337730870712,0.997766598644603
Logistic Regression,0.3619952494061758,0.5984168865435356,0.9977251417417928
Logistic Regression,0.36294536817102135,0.5984168865435356,0.9977057722275309
Logistic Regression,0.36294536817102135,0.6,0.9976735375712502
Logistic Regression,0.36342042755344417,0.6,0.9976733427290774
Logistic Regression,0.36342042755344417,0.6005277044854881,0.9976680109066222
Logistic Regression,0.3643705463182898,0.6005277044854881,0.997647364509129
Logistic Regression,0.3643705463182898,0.6010554089709762,0.9976400805792985
Logistic Regression,0.3653206650831354,0.6010554089709762,0.9976195100347683
Logistic Regression,0.3653206650831354,0.6026385224274406,0.9975935063079511
Logistic Regression,0.3667458432304038,0.6026385224274406,0.9975718965919461
Logistic Regression,0.3667458432304038,0.6031662269129288,0.9975421750128154
Logistic Regression,0.3672209026128266,0.6031662269129288,0.997534846180376
Logistic Regression,0.3672209026128266,0.6047493403693931,0.9975324044984661
Logistic Regression,0.3676959619952494,0.6047493403693931,0.9975282669547365
Logistic Regression,0.3676959619952494,0.6063324538258575,0.9974930386745323
Logistic Regression,0.36864608076009503,0.6063324538258575,0.997486816047155
Logistic Regression,0.36864608076009503,0.6110817941952507,0.9974209342590398
Logistic Regression,0.3691211401425178,0.6110817941952507,0.9974204101809481
Logistic Regression,0.3691211401425178,0.6153034300791557,0.9973454111412966
Logistic Regression,0.3695961995249406,0.6153034300791557,0.9973451342621247
Logistic Regression,0.3695961995249406,0.6179419525065963,0.9972542383830265
Logistic Regression,0.3719714964370546,0.6179419525065963,0.9972095135382975
Logistic Regression,0.3719714964370546,0.6189973614775726,0.9972029442302518
Logistic Regression,0.37244655581947744,0.6189973614775726,0.9971988172470381
Logistic Regression,0.37244655581947744,0.6195250659630607,0.9971934758874264
Logistic Regression,0.37292161520190026,0.6195250659630607,0.9971923851671083
Logistic Regression,0.37292161520190026,0.6205804749340369,0.9971696853307622
Logistic Regression,0.37434679334916865,0.6205804749340369,0.9971405579229305
Logistic Regression,0.37434679334916865,0.6216358839050132,0.9971303515092547
Logistic Regression,0.3752969121140142,0.6216358839050132,0.997113239603117
Logistic Regression,0.3752969121140142,0.6226912928759895,0.9970892998777843
Logistic Regression,0.37577197149643704,0.6226912928759895,0.9970690950234108
Logistic Regression,0.37577197149643704,0.6242744063324538,0.9970544204560935
Logistic Regression,0.37624703087885986,0.6242744063324538,0.997044450674549
Logistic Regression,0.37624703087885986,0.6258575197889182,0.9970258803401321
Logistic Regression,0.37672209026128267,0.6258575197889182,0.9970121758911457
Logistic Regression,0.37672209026128267,0.6269129287598945,0.9969925063140525
Logistic Regression,0.3771971496437055,0.6269129287598945,0.9969802753775325
Logistic Regression,0.3771971496437055,0.6284960422163588,0.9969252849090857
Logistic Regression,0.3786223277909739,0.6284960422163588,0.9969144528281645
Logistic Regression,0.3786223277909739,0.629023746701847,0.9969064919464312
Logistic Regression,0.3790973871733967,0.629023746701847,0.9968943465726902
Logistic Regression,0.3790973871733967,0.6295514511873351,0.9968877187488878
Logistic Regression,0.37957244655581945,0.6295514511873351,0.9968825298664596
Logistic Regression,0.37957244655581945,0.6321899736147757,0.9968522261438298
Logistic Regression,0.3809976247030879,0.6321899736147757,0.9968356651020368
Logistic Regression,0.3809976247030879,0.6327176781002638,0.9968305837941032
Logistic Regression,0.3814726840855107,0.6327176781002638,0.9968097904620727
Logistic Regression,0.3814726840855107,0.6337730870712401,0.9967994194149232
Logistic Regression,0.3819477434679335,0.6337730870712401,0.9967765014887713
Logistic Regression,0.3819477434679335,0.6348284960422164,0.9967681170746474
Logistic Regression,0.3824228028503563,0.6348284960422164,0.9967544254530779
Logistic Regression,0.3824228028503563,0.6364116094986807,0.996733441848616
Logistic Regression,0.3828978622327791,0.6364116094986807,0.9967287253924287
Logistic Regression,0.3828978622327791,0.637467018469657,0.9967243961943005
Logistic Regression,0.3833729216152019,0.637467018469657,0.9966918530109049
Logistic Regression,0.3833729216152019,0.6379947229551451,0.9966770783676883
Logistic Regression,0.3843230403800475,0.6379947229551451,0.9966650905089021
Logistic Regression,0.3843230403800475,0.6385224274406333,0.996664175703968
Logistic Regression,0.38527315914489313,0.6385224274406333,0.9966512069537897
Logistic Regression,0.38527315914489313,0.6406332453825857,0.996578988097223
Logistic Regression,0.3857482185273159,0.6406332453825857,0.9965365631924529
Logistic Regression,0.3857482185273159,0.6411609498680739,0.9965314934743893
Logistic Regression,0.38764845605700715,0.6411609498680739,0.9964739051927108
Logistic Regression,0.38764845605700715,0.641688654353562,0.9964653669703442
Logistic Regression,0.3881235154394299,0.641688654353562,0.9964307847884443
Logistic Regression,0.3881235154394299,0.6422163588390501,0.9964055964169091
Logistic Regression,0.38907363420427554,0.6422163588390501,0.9963896950787725
Logistic Regression,0.38907363420427554,0.6437994722955145,0.996377336543455
Logistic Regression,0.38954869358669836,0.6437994722955145,0.9963670208426529
Logistic Regression,0.38954869358669836,0.6448548812664908,0.9963546768384904
Logistic Regression,0.39049881235154393,0.6448548812664908,0.996313243372609
Logistic Regression,0.39049881235154393,0.6464379947229552,0.9962927266512827
Logistic Regression,0.39287410926365796,0.6464379947229552,0.9961742819622823
Logistic Regression,0.39287410926365796,0.6480211081794195,0.99614298107744
Logistic Regression,0.3938242280285036,0.6480211081794195,0.99612328064325
Logistic Regression,0.3938242280285036,0.6511873350923483,0.9960746236512639
Logistic Regression,0.39429928741092635,0.6511873350923483,0.9960712096148341
Logistic Regression,0.39429928741092635,0.6522427440633245,0.9960312598291662
Logistic Regression,0.3971496437054632,0.6522427440633245,0.9959820870618904
Logistic Regression,0.3971496437054632,0.6554089709762533,0.995890423700975
Logistic Regression,0.397624703087886,0.6554089709762533,0.9958900938935712
Logistic Regression,0.397624703087886,0.6564643799472295,0.9957848213333164
Logistic Regression,0.3980997624703088,0.6564643799472295,0.9957808927256541
Logistic Regression,0.3980997624703088,0.658047493403694,0.9957018147833904
Logistic Regression,0.3990498812351544,0.658047493403694,0.9956618930693756
Logistic Regression,0.3990498812351544,0.6649076517150396,0.9955571604040191
Logistic Regression,0.4004750593824228,0.6649076517150396,0.9955159019806646
Logistic Regression,0.4004750593824228,0.6659630606860159,0.9955039715286221
Logistic Regression,0.4009501187648456,0.6659630606860159,0.9955023032095707
Logistic Regression,0.4009501187648456,0.6696569920844327,0.9953320787384697
Logistic Regression,0.4014251781472684,0.6696569920844327,0.995315006083544
Logistic Regression,0.4014251781472684,0.6738786279683378,0.9951898069438919
Logistic Regression,0.40190023752969123,0.6738786279683378,0.9951870283231553
Logistic Regression,0.40190023752969123,0.6744063324538259,0.9951788117840364
Logistic Regression,0.402375296912114,0.6744063324538259,0.9951506803084953
Logistic Regression,0.402375296912114,0.6754617414248021,0.9951072910863027
Logistic Regression,0.4028503562945368,0.6754617414248021,0.9951008376294206
Logistic Regression,0.4028503562945368,0.679155672823219,0.9949592494391332
Logistic Regression,0.4033254156769596,0.679155672823219,0.994941692603646
Logistic Regression,0.4033254156769596,0.6796833773087071,0.9948790525900015
Logistic Regression,0.404750593824228,0.6796833773087071,0.9948326085287928
Logistic Regression,0.404750593824228,0.6828496042216359,0.9947531014033203
Logistic Regression,0.40570071258907364,0.6828496042216359,0.9946783090226443
Logistic Regression,0.40570071258907364,0.683377308707124,0.9946277347648812
Logistic Regression,0.40617577197149646,0.683377308707124,0.9946101448042797
Logistic Regression,0.40617577197149646,0.6849604221635884,0.9945677659283395
Logistic Regression,0.4066508313539192,0.6849604221635884,0.9945302302647611
Logistic Regression,0.4066508313539192,0.6860158311345647,0.9944910960725856
Logistic Regression,0.4085510688836104,0.6860158311345647,0.994464852912465
Logistic Regression,0.4085510688836104,0.6865435356200528,0.9944074423167687
Logistic Regression,0.40902612826603324,0.6865435356200528,0.9944071320447508
Logistic Regression,0.40902612826603324,0.687598944591029,0.9943580148948996
Logistic Regression,0.40950118764845606,0.687598944591029,0.9943568953931994
Logistic Regression,0.40950118764845606,0.6897097625329816,0.9943001855294216
Logistic Regression,0.41282660332541565,0.6897097625329816,0.9942217169191229
Logistic Regression,0.41282660332541565,0.6934036939313984,0.9940575937396907
Logistic Regression,0.41330166270783847,0.6934036939313984,0.9940528891573959
Logistic Regression,0.41330166270783847,0.6955145118733509,0.9940130866027421
Logistic Regression,0.4142517814726841,0.6955145118733509,0.9939932118651871
Logistic Regression,0.4142517814726841,0.6976253298153035,0.993839540287101
Logistic Regression,0.4152019002375297,0.6976253298153035,0.9938089032469375
Logistic Regression,0.4152019002375297,0.6986807387862797,0.9937658935318455
Logistic Regression,0.4156769596199525,0.6986807387862797,0.9937633909538034
Logistic Regression,0.4156769596199525,0.6997361477572559,0.9937297980727606
Logistic Regression,0.4161520190023753,0.6997361477572559,0.9937097904083219
Logistic Regression,0.4161520190023753,0.700263852242744,0.9937083008923329
Logistic Regression,0.4166270783847981,0.700263852242744,0.9937022018542723
Logistic Regression,0.4166270783847981,0.7013192612137203,0.9936218097960003
Logistic Regression,0.4171021377672209,0.7013192612137203,0.9935563484425742
Logistic Regression,0.4171021377672209,0.7023746701846966,0.9935371492307253
Logistic Regression,0.4175771971496437,0.7023746701846966,0.9935095578830261
Logistic Regression,0.4175771971496437,0.7029023746701847,0.9935032957078991
Logistic Regression,0.4194774346793349,0.7029023746701847,0.9933769332473908
Logistic Regression,0.4194774346793349,0.7039577836411609,0.993316726844206
Logistic Regression,0.4199524940617577,0.7039577836411609,0.9932816823758411
Logistic Regression,0.4199524940617577,0.7044854881266491,0.9932606992234472
Logistic Regression,0.42090261282660335,0.7044854881266491,0.9932005226020674
Logistic Regression,0.42090261282660335,0.7087071240105541,0.9930798172418808
Logistic Regression,0.4218527315914489,0.7087071240105541,0.9930307064233586
Logistic Regression,0.4218527315914489,0.7092348284960422,0.992970730753486
Logistic Regression,0.42232779097387174,0.7092348284960422,0.9928849216548422
Logistic Regression,0.42232779097387174,0.7102902374670185,0.9928679655939653
Logistic Regression,0.42422802850356295,0.7102902374670185,0.9928222348947543
Logistic Regression,0.42422802850356295,0.7113456464379947,0.992745389727379
Logistic Regression,0.42470308788598576,0.7113456464379947,0.9927261726891835
Logistic Regression,0.42470308788598576,0.7134564643799473,0.9926707953090925
Logistic Regression,0.42565320665083134,0.7134564643799473,0.9926389805249273
Logistic Regression,0.42565320665083134,0.7139841688654354,0.9926363371656953
Logistic Regression,0.42660332541567697,0.7139841688654354,0.9925386536513489
Logistic Regression,0.42660332541567697,0.7145118733509235,0.9924962461638922
Logistic Regression,0.4270783847980998,0.7145118733509235,0.9924959957848161
Logistic Regression,0.4270783847980998,0.7160949868073878,0.9924661954452533
Logistic Regression,0.4285035629453682,0.7160949868073878,0.9923156315387092
Logistic Regression,0.4285035629453682,0.7203166226912929,0.9921390211579975
Logistic Regression,0.428978622327791,0.7203166226912929,0.9921343194346779
Logistic Regression,0.428978622327791,0.7224274406332454,0.991970688132218
Logistic Regression,0.42945368171021375,0.7224274406332454,0.9919444171729914
Logistic Regression,0.42945368171021375,0.7229551451187335,0.9919271454289332
Logistic Regression,0.42992874109263657,0.7229551451187335,0.9919085179651016
Logistic Regression,0.42992874109263657,0.7234828496042216,0.9918902655388496
Logistic Regression,0.4304038004750594,0.7234828496042216,0.9918698123808609
Logistic Regression,0.4304038004750594,0.7255936675461742,0.9917145563406381
Logistic Regression,0.431353919239905,0.7255936675461742,0.9916849617852035
Logistic Regression,0.431353919239905,0.7271767810026385,0.9916516657797706
Logistic Regression,0.4318289786223278,0.7271767810026385,0.9916434924280577
Logistic Regression,0.4318289786223278,0.7277044854881266,0.9915562174941384
Logistic Regression,0.4327790973871734,0.7277044854881266,0.9915224200485783
Logistic Regression,0.4327790973871734,0.729287598944591,0.9914193358191802
Logistic Regression,0.4332541567695962,0.729287598944591,0.9913712378137727
Logistic Regression,0.4332541567695962,0.7298153034300792,0.9913518281500513
Logistic Regression,0.433729216152019,0.7298153034300792,0.991316049524817
Logistic Regression,0.433729216152019,0.7319261213720316,0.9911908862242448
Logistic Regression,0.4346793349168646,0.7319261213720316,0.9911657767550234
Logistic Regression,0.4346793349168646,0.7324538258575198,0.9910543568084514
Logistic Regression,0.436104513064133,0.7324538258575198,0.9909846863800297
Logistic Regression,0.436104513064133,0.7335092348284961,0.9908635665220541
Logistic Regression,0.4365795724465558,0.7335092348284961,0.9908532601556134
Logistic Regression,0.4365795724465558,0.7361477572559367,0.9907722391345848
Logistic Regression,0.43705463182897863,0.7361477572559367,0.9907605914786755
Logistic Regression,0.43705463182897863,0.7366754617414248,0.9907437506769375
Logistic Regression,0.4380047505938242,0.7366754617414248,0.9905905364699449
Logistic Regression,0.4380047505938242,0.7393139841688654,0.9904649213099842
Logistic Regression,0.43895486935866984,0.7393139841688654,0.9904091070693924
Logistic Regression,0.43895486935866984,0.7408970976253298,0.9903563946728424
Logistic Regression,0.43942992874109266,0.7408970976253298,0.9902503888425834
Logistic Regression,0.43942992874109266,0.741424802110818,0.9901432787756674
Logistic Regression,0.44038004750593823,0.741424802110818,0.9900515346263395
Logistic Regression,0.44038004750593823,0.7424802110817942,0.9899564877849486
Logistic Regression,0.44418052256532065,0.7424802110817942,0.9894861339768655
Logistic Regression,0.44418052256532065,0.7440633245382586,0.98943343943004
Logistic Regression,0.44465558194774346,0.7440633245382586,0.9894223908747758
Logistic Regression,0.44465558194774346,0.7461741424802111,0.9892563100994942
Logistic Regression,0.4456057007125891,0.7461741424802111,0.9892052281642906
Logistic Regression,0.4456057007125891,0.7467018469656992,0.9892001390779077
Logistic Regression,0.44655581947743467,0.7467018469656992,0.9891084660258551
Logistic Regression,0.44655581947743467,0.7482849604221636,0.9888604449485814
Logistic Regression,0.4479809976247031,0.7482849604221636,0.9887173408377076
Logistic Regression,0.4479809976247031,0.7493403693931399,0.9885902071945242
Logistic Regression,0.4489311163895487,0.7493403693931399,0.9885584569382483
Logistic Regression,0.4489311163895487,0.7509234828496042,0.9884844534068433
Logistic Regression,0.4494061757719715,0.7509234828496042,0.9884834643351537
Logistic Regression,0.4494061757719715,0.7519788918205804,0.9884562182149036
Logistic Regression,0.4503562945368171,0.7519788918205804,0.9883523660032837
Logistic Regression,0.4503562945368171,0.7546174142480211,0.9881693727546573
Logistic Regression,0.4508313539192399,0.7546174142480211,0.9881678981358925
Logistic Regression,0.4508313539192399,0.7551451187335092,0.9880915640444362
Logistic Regression,0.4513064133016627,0.7551451187335092,0.9880204595564672
Logistic Regression,0.4513064133016627,0.7556728232189973,0.987890613058213
Logistic Regression,0.4517814726840855,0.7556728232189973,0.9878676852655569
Logistic Regression,0.4517814726840855,0.7562005277044855,0.9878581024917995
Logistic Regression,0.4522565320665083,0.7562005277044855,0.9878513736361583
Logistic Regression,0.4522565320665083,0.7567282321899736,0.9878254190719815
Logistic Regression,0.4527315914489311,0.7567282321899736,0.9878163531511099
Logistic Regression,0.4527315914489311,0.7593667546174142,0.9876510321983519
Logistic Regression,0.4532066508313539,0.7593667546174142,0.9875852507568411
Logistic Regression,0.4532066508313539,0.7614775725593668,0.9874437331075213
Logistic Regression,0.45368171021377673,0.7614775725593668,0.987379581300356
Logistic Regression,0.45368171021377673,0.7620052770448549,0.9873689414259215
Logistic Regression,0.45558194774346794,0.7620052770448549,0.9872836988562446
Logistic Regression,0.45558194774346794,0.7641160949868074,0.9871481190614166
Logistic Regression,0.4565320665083135,0.7641160949868074,0.9870722567283402
Logistic Regression,0.4565320665083135,0.7651715039577837,0.9869701906912389
Logistic Regression,0.45748218527315915,0.7651715039577837,0.9869431151735606
Logistic Regression,0.45748218527315915,0.7662269129287599,0.9869243761751829
Logistic Regression,0.45795724465558196,0.7662269129287599,0.9869211851247172
Logistic Regression,0.45795724465558196,0.766754617414248,0.986792762125262
Logistic Regression,0.4584323040380047,0.766754617414248,0.9867192619470788
Logistic Regression,0.4584323040380047,0.7672823218997361,0.9866910555223548
Logistic Regression,0.45890736342042754,0.7672823218997361,0.9866574637792045
Logistic Regression,0.45890736342042754,0.7683377308707124,0.9866197156699943
Logistic Regression,0.4617577197149644,0.7683377308707124,0.9864532029245469
Logistic Regression,0.4617577197149644,0.770976253298153,0.9862367482211369
Logistic Regression,0.4636579572446556,0.770976253298153,0.9859764295729481
Logistic Regression,0.4636579572446556,0.7715039577836411,0.9859518005883692
Logistic Regression,0.4641330166270784,0.7715039577836411,0.9859304108985519
Logistic Regression,0.4641330166270784,0.7720316622691293,0.9859074028452781
Logistic Regression,0.465083135391924,0.7720316622691293,0.9857999674357476
Logistic Regression,0.465083135391924,0.7736147757255937,0.9857087500000795
Logistic Regression,0.4655581947743468,0.7736147757255937,0.9855912338017413
Logistic Regression,0.4655581947743468,0.7741424802110818,0.9855749943004163
Logistic Regression,0.4660332541567696,0.7741424802110818,0.9854639339429552
Logistic Regression,0.4660332541567696,0.7746701846965699,0.985378220581598
Logistic Regression,0.4665083135391924,0.7746701846965699,0.9853577601313892
Logistic Regression,0.4665083135391924,0.7757255936675461,0.9853054033232131
Logistic Regression,0.4669833729216152,0.7757255936675461,0.9852983390545178
Logistic Regression,0.4669833729216152,0.7767810026385225,0.9852396968448444
Logistic Regression,0.467458432304038,0.7767810026385225,0.9852048561178749
Logistic Regression,0.467458432304038,0.7778364116094987,0.9850318609952601
Logistic Regression,0.4679334916864608,0.7778364116094987,0.9849491300320299
Logistic Regression,0.4679334916864608,0.7783641160949868,0.9848900539670745
Logistic Regression,0.4684085510688836,0.7783641160949868,0.9848678845610986
Logistic Regression,0.4684085510688836,0.7799472295514512,0.9847471542262292
Logistic Regression,0.4688836104513064,0.7799472295514512,0.9847334814529051
Logistic Regression,0.4688836104513064,0.7804749340369393,0.9845986669914576
Logistic Regression,0.469833729216152,0.7804749340369393,0.9845138872014546
Logistic Regression,0.469833729216152,0.7815303430079156,0.9843239579298887
Logistic Regression,0.47030878859857483,0.7815303430079156,0.9842784976561155
Logistic Regression,0.47030878859857483,0.7857519788918206,0.9839102366036655
Logistic Regression,0.47078384798099765,0.7857519788918206,0.9839070292232823
Logistic Regression,0.47078384798099765,0.7862796833773087,0.9839044162804711
Logistic Regression,0.4717339667458432,0.7862796833773087,0.9838122994173859
Logistic Regression,0.4717339667458432,0.7878627968337731,0.9836581894267539
Logistic Regression,0.4731591448931116,0.7878627968337731,0.9835028426553049
Logistic Regression,0.4731591448931116,0.7889182058047494,0.9834335827712429
Logistic Regression,0.47363420427553443,0.7889182058047494,0.9834275012812467
Logistic Regression,0.47363420427553443,0.7905013192612137,0.9833575397458965
Logistic Regression,0.47410926365795725,0.7905013192612137,0.9832829815081457
Logistic Regression,0.47410926365795725,0.7910290237467018,0.9832536529990401
Logistic Regression,0.4750593824228028,0.7910290237467018,0.9831630074259692
Logistic Regression,0.4750593824228028,0.7915567282321899,0.9831114277337785
Logistic Regression,0.47600950118764845,0.7915567282321899,0.98289708480377
Logistic Regression,0.47600950118764845,0.7920844327176781,0.9828233282618997
Logistic Regression,0.4783847980997625,0.7920844327176781,0.982518739161439
Logistic Regression,0.4783847980997625,0.7926121372031663,0.9825062360243155
Logistic Regression,0.4788598574821853,0.7926121372031663,0.9824492720306155
Logistic Regression,0.4788598574821853,0.7941952506596306,0.9823521828663137
Logistic Regression,0.47980997624703087,0.7941952506596306,0.9822396495100224
Logistic Regression,0.47980997624703087,0.795778364116095,0.9822140380593464
Logistic Regression,0.4802850356294537,0.795778364116095,0.9822125438714336
Logistic Regression,0.4802850356294537,0.7963060686015832,0.9821862376513274
Logistic Regression,0.4807600950118765,0.7963060686015832,0.9821383864609896
Logistic Regression,0.4807600950118765,0.7978891820580475,0.9819352489123019
Logistic Regression,0.4812351543942993,0.7978891820580475,0.9816861121826244
Logistic Regression,0.4812351543942993,0.7984168865435356,0.9816738465538897
Logistic Regression,0.4817102137767221,0.7984168865435356,0.9815960571257026
Logistic Regression,0.4817102137767221,0.7989445910290237,0.9815665023594394
Logistic Regression,0.4821852731591449,0.7989445910290237,0.9814620160168754
Logistic Regression,0.4821852731591449,0.8,0.981456001316271
Logistic Regression,0.4840855106888361,0.8,0.9812331508734167
Logistic Regression,0.4840855106888361,0.8005277044854882,0.9812290478480685
Logistic Regression,0.4859857482185273,0.8005277044854882,0.9811138192706271
Logistic Regression,0.4859857482185273,0.8015831134564644,0.9810623870354186
Logistic Regression,0.4864608076009501,0.8015831134564644,0.9810400474044046
Logistic Regression,0.4864608076009501,0.8026385224274406,0.9810005349664965
Logistic Regression,0.48741092636579575,0.8026385224274406,0.9809328646630006
Logistic Regression,0.48741092636579575,0.8031662269129287,0.9809204266189849
Logistic Regression,0.4883610451306413,0.8031662269129287,0.9807666254296892
Logistic Regression,0.4883610451306413,0.8036939313984169,0.980760065238898
Logistic Regression,0.49026128266033253,0.8036939313984169,0.9805633763477707
Logistic Regression,0.49026128266033253,0.8052770448548813,0.9804774338681504
Logistic Regression,0.49073634204275535,0.8052770448548813,0.9803523163258637
Logistic Regression,0.49073634204275535,0.8058047493403694,0.9803516522015375
Logistic Regression,0.49121140142517816,0.8058047493403694,0.9803097559720645
Logistic Regression,0.49121140142517816,0.8063324538258575,0.980289114729877
Logistic Regression,0.4916864608076009,0.8063324538258575,0.9802393622499884
Logistic Regression,0.4916864608076009,0.8073878627968337,0.9801727980230686
Logistic Regression,0.49216152019002374,0.8073878627968337,0.9800866046284492
Logistic Regression,0.49216152019002374,0.8089709762532982,0.980043581971001
Logistic Regression,0.4954869358669834,0.8089709762532982,0.9798089964552179
Logistic Regression,0.4954869358669834,0.8100263852242744,0.9796986410721571
Logistic Regression,0.49643705463182897,0.8100263852242744,0.9795996129177216
Logistic Regression,0.49643705463182897,0.8110817941952506,0.9795297924746816
Logistic Regression,0.4969121140142518,0.8110817941952506,0.9794738017368295
Logistic Regression,0.4969121140142518,0.8116094986807388,0.979382625901815
Logistic Regression,0.498812351543943,0.8116094986807388,0.9792059073452177
Logistic Regression,0.498812351543943,0.8126649076517151,0.9791229044285393
Logistic Regression,0.4992874109263658,0.8126649076517151,0.9790363929670337
Logistic Regression,0.4992874109263658,0.8142480211081794,0.9787307047414157
Logistic Regression,0.5002375296912114,0.8142480211081794,0.9786676136104426
Logistic Regression,0.5002375296912114,0.8147757255936675,0.9786221356352728
Logistic Regression,0.501187648456057,0.8147757255936675,0.9784607193933781
Logistic Regression,0.501187648456057,0.8158311345646438,0.9783527909538724
Logistic Regression,0.5016627078384798,0.8158311345646438,0.9782898232845886
Logistic Regression,0.5016627078384798,0.816358839050132,0.9782713184042846
Logistic Regression,0.503562945368171,0.816358839050132,0.9777183705321787
Logistic Regression,0.503562945368171,0.8168865435356201,0.9776983236466658
Logistic Regression,0.5045130641330167,0.8168865435356201,0.97759863690385
Logistic Regression,0.5045130641330167,0.8179419525065963,0.9775458463167785
Logistic Regression,0.505938242280285,0.8179419525065963,0.9774740770919472
Logistic Regression,0.505938242280285,0.8189973614775725,0.9773842062678277
Logistic Regression,0.5068883610451307,0.8189973614775725,0.97712469631189
Logistic Regression,0.5068883610451307,0.8195250659630607,0.9769221637843942
Logistic Regression,0.5073634204275534,0.8195250659630607,0.9767881779513627
Logistic Regression,0.5073634204275534,0.820580474934037,0.9767825508631321
Logistic Regression,0.5078384798099762,0.820580474934037,0.9766581036919536
Logistic Regression,0.5078384798099762,0.8221635883905013,0.9758929983256939
Logistic Regression,0.5087885985748218,0.8221635883905013,0.9758310191501741
Logistic Regression,0.5087885985748218,0.8232189973614775,0.9756659891924607
Logistic Regression,0.5092636579572447,0.8232189973614775,0.9756103842878102
Logistic Regression,0.5092636579572447,0.8242744063324539,0.9754858675807998
Logistic Regression,0.5097387173396675,0.8242744063324539,0.9754232483110488
Logistic Regression,0.5097387173396675,0.8253298153034301,0.9753318980610045
Logistic Regression,0.5111638954869359,0.8253298153034301,0.9752954967985273
Logistic Regression,0.5111638954869359,0.8274406332453826,0.97449172784493
Logistic Regression,0.5116389548693586,0.8274406332453826,0.9744849960612302
Logistic Regression,0.5116389548693586,0.8295514511873351,0.9741202797108611
Logistic Regression,0.5121140142517815,0.8295514511873351,0.9741152597971134
Logistic Regression,0.5121140142517815,0.8311345646437994,0.9737582140745192
Logistic Regression,0.5125890736342043,0.8311345646437994,0.9737383453608536
Logistic Regression,0.5125890736342043,0.8316622691292876,0.9735907740854562
Logistic Regression,0.5130641330166271,0.8316622691292876,0.9735828589341772
Logistic Regression,0.5130641330166271,0.8327176781002639,0.9735035296359967
Logistic Regression,0.5135391923990499,0.8327176781002639,0.9733732493738595
Logistic Regression,0.5135391923990499,0.8337730870712401,0.9730806633497052
Logistic Regression,0.5140142517814726,0.8337730870712401,0.973072807363491
Logistic Regression,0.5140142517814726,0.8353562005277045,0.9726791659867738
Logistic Regression,0.5144893111638955,0.8353562005277045,0.972653126438919
Logistic Regression,0.5144893111638955,0.8358839050131927,0.9723825172121436
Logistic Regression,0.5149643705463183,0.8358839050131927,0.9721996771927525
Logistic Regression,0.5149643705463183,0.837467018469657,0.9715692254882109
Logistic Regression,0.5154394299287411,0.837467018469657,0.9715273052740055
Logistic Regression,0.5154394299287411,0.8379947229551451,0.9715124888929831
Logistic Regression,0.5159144893111639,0.8379947229551451,0.9714572915169505
Logistic Regression,0.5159144893111639,0.8385224274406332,0.9713618101643118
Logistic Regression,0.5168646080760095,0.8385224274406332,0.9712890714648234
Logistic Regression,0.5168646080760095,0.8390501319261213,0.971281381090786
Logistic Regression,0.5173396674584323,0.8390501319261213,0.9709282333519575
Logistic Regression,0.5173396674584323,0.8395778364116095,0.9707516381565807
Logistic Regression,0.517814726840855,0.8395778364116095,0.9707063846663705
Logistic Regression,0.517814726840855,0.8401055408970977,0.9706393211800146
Logistic Regression,0.5187648456057007,0.8401055408970977,0.9702029350036424
Logistic Regression,0.5187648456057007,0.8411609498680739,0.9700409918429894
Logistic Regression,0.5197149643705463,0.8411609498680739,0.9698413665635539
Logistic Regression,0.5197149643705463,0.8422163588390501,0.9695580665108322
Logistic Regression,0.5211401425178147,0.8422163588390501,0.9687019015643481
Logistic Regression,0.5211401425178147,0.8427440633245382,0.9684579295401337
Logistic Regression,0.5216152019002376,0.8427440633245382,0.968403689754763
Logistic Regression,0.5216152019002376,0.8432717678100264,0.9680362023565137
Logistic Regression,0.5235154394299287,0.8432717678100264,0.9677831685277065
Logistic Regression,0.5235154394299287,0.8448548812664908,0.9675260954999083
Logistic Regression,0.5249406175771971,0.8448548812664908,0.9673296449852563
Logistic Regression,0.5249406175771971,0.8453825857519789,0.9673022826979084
Logistic Regression,0.5258907363420428,0.8453825857519789,0.9671558416112505
Logistic Regression,0.5258907363420428,0.8464379947229551,0.9668855839263112
Logistic Regression,0.5273159144893111,0.8464379947229551,0.9665480967421786
Logistic Regression,0.5273159144893111,0.8480211081794196,0.9663318035454079
Logistic Regression,0.527790973871734,0.8480211081794196,0.9658233659310185
Logistic Regression,0.527790973871734,0.8490765171503958,0.9657441046313064
Logistic Regression,0.5287410926365795,0.8490765171503958,0.9656024409234447
Logistic Regression,0.5287410926365795,0.850131926121372,0.9653048316395013
Logistic Regression,0.5296912114014252,0.850131926121372,0.9651447442497832
Logistic Regression,0.5296912114014252,0.8511873350923482,0.9650250032179462
Logistic Regression,0.5301662707838479,0.8511873350923482,0.9649898488262831
Logistic Regression,0.5301662707838479,0.8517150395778365,0.9648703043493003
Logistic Regression,0.5311163895486936,0.8517150395778365,0.964570829978684
Logistic Regression,0.5311163895486936,0.8532981530343008,0.9642924226108114
Logistic Regression,0.532541567695962,0.8532981530343008,0.9639751680353406
Logistic Regression,0.532541567695962,0.8564643799472296,0.9630714862145439
Logistic Regression,0.5334916864608076,0.8564643799472296,0.9629469570915247
Logistic Regression,0.5334916864608076,0.8569920844327177,0.9629212469418451
Logistic Regression,0.534916864608076,0.8569920844327177,0.9626448982458125
Logistic Regression,0.534916864608076,0.8580474934036939,0.9625920882477499
Logistic Regression,0.5353919239904988,0.8580474934036939,0.9622228555831234
Logistic Regression,0.5353919239904988,0.858575197889182,0.9621345926891615
Logistic Regression,0.5358669833729216,0.858575197889182,0.9621226813968101
Logistic Regression,0.5358669833729216,0.8596306068601584,0.9617413827887645
Logistic Regression,0.5363420427553445,0.8596306068601584,0.961421805357618
Logistic Regression,0.5363420427553445,0.8606860158311346,0.9609010440853942
Logistic Regression,0.5368171021377672,0.8606860158311346,0.9608443075846778
Logistic Regression,0.5368171021377672,0.8612137203166227,0.960651535354255
Logistic Regression,0.5410926365795724,0.8612137203166227,0.9587502784096743
Logistic Regression,0.5410926365795724,0.8617414248021108,0.9587502038403387
Logistic Regression,0.5425178147268409,0.8617414248021108,0.9584642786738649
Logistic Regression,0.5425178147268409,0.8622691292875989,0.9584293800415408
Logistic Regression,0.5429928741092637,0.8622691292875989,0.9583165564965899
Logistic Regression,0.5429928741092637,0.862796833773087,0.9581802678454695
Logistic Regression,0.5439429928741093,0.862796833773087,0.9579627925591234
Logistic Regression,0.5439429928741093,0.8633245382585752,0.9579623220133269
Logistic Regression,0.5448931116389548,0.8633245382585752,0.9575382671925625
Logistic Regression,0.5448931116389548,0.8643799472295515,0.9574330309340836
Logistic Regression,0.5453681710213777,0.8643799472295515,0.957403379023845
Logistic Regression,0.5453681710213777,0.8680738786279684,0.956546598318371
Logistic Regression,0.5467933491686461,0.8680738786279684,0.9563389724827682
Logistic Regression,0.5467933491686461,0.8686015831134565,0.9562928001693362
Logistic Regression,0.5472684085510688,0.8686015831134565,0.9562658586330828
Logistic Regression,0.5472684085510688,0.8691292875989446,0.956260373279725
Logistic Regression,0.5482185273159145,0.8691292875989446,0.9562218156444435
Logistic Regression,0.5482185273159145,0.8707124010554089,0.9559499804983879
Logistic Regression,0.5491686460807601,0.8707124010554089,0.9551559596839715
Logistic Regression,0.5491686460807601,0.8712401055408971,0.9549854790636739
Logistic Regression,0.5501187648456057,0.8712401055408971,0.9548587187819697
Logistic Regression,0.5501187648456057,0.8722955145118734,0.9546876099875989
Logistic Regression,0.5505938242280285,0.8722955145118734,0.9546122007995647
Logistic Regression,0.5505938242280285,0.8728232189973615,0.9544826726153639
Logistic Regression,0.5510688836104513,0.8728232189973615,0.9544661120138698
Logistic Regression,0.5510688836104513,0.8759894459102903,0.9535801384178142
Logistic Regression,0.5520190023752969,0.8759894459102903,0.9534636955130218
Logistic Regression,0.5520190023752969,0.8765171503957784,0.9530022638050377
Logistic Regression,0.5534441805225653,0.8765171503957784,0.9525953560627729
Logistic Regression,0.5534441805225653,0.8781002638522427,0.9517451478057417
Logistic Regression,0.5553444180522565,0.8781002638522427,0.9514439762339445
Logistic Regression,0.5553444180522565,0.8786279683377308,0.9514406762513258
Logistic Regression,0.5562945368171022,0.8786279683377308,0.9513844497548345
Logistic Regression,0.5562945368171022,0.8796833773087072,0.9507121770059472
Logistic Regression,0.5572446555819477,0.8796833773087072,0.9505218220849337
Logistic Regression,0.5572446555819477,0.8817941952506596,0.9497979256305608
Logistic Regression,0.5577197149643706,0.8817941952506596,0.9495947388201059
Logistic Regression,0.5577197149643706,0.8823218997361477,0.9493661384168895
Logistic Regression,0.5600950118764846,0.8823218997361477,0.9476775607750563
Logistic Regression,0.5600950118764846,0.8828496042216358,0.947673589598198
Logistic Regression,0.5605700712589073,0.8828496042216358,0.9475932637947062
Logistic Regression,0.5605700712589073,0.8849604221635884,0.9469899519942783
Logistic Regression,0.561520190023753,0.8849604221635884,0.9466380676359955
Logistic Regression,0.561520190023753,0.8860158311345646,0.9462900562239569
Logistic Regression,0.5619952494061757,0.8860158311345646,0.9460772383742246
Logistic Regression,0.5619952494061757,0.8865435356200527,0.9459946739619312
Logistic Regression,0.5624703087885986,0.8865435356200527,0.9458604006119388
Logistic Regression,0.5624703087885986,0.8891820580474934,0.9445724313238552
Logistic Regression,0.5629453681710214,0.8891820580474934,0.9441419193845819
Logistic Regression,0.5629453681710214,0.8897097625329815,0.9441067156945919
Logistic Regression,0.5634204275534441,0.8897097625329815,0.9440623180814849
Logistic Regression,0.5634204275534441,0.8902374670184696,0.943876954468766
Logistic Regression,0.5643705463182898,0.8902374670184696,0.9435456978909315
Logistic Regression,0.5643705463182898,0.8907651715039577,0.9434320493385459
Logistic Regression,0.5667458432304038,0.8907651715039577,0.942758962042561
Logistic Regression,0.5667458432304038,0.891292875989446,0.9426790010360563
Logistic Regression,0.568646080760095,0.891292875989446,0.9415874264249641
Logistic Regression,0.568646080760095,0.8928759894459103,0.9410088607836345
Logistic Regression,0.5695961995249407,0.8928759894459103,0.9404550091588192
Logistic Regression,0.5695961995249407,0.8939313984168865,0.9401045554918903
Logistic Regression,0.5710213776722091,0.8939313984168865,0.9393890160294497
Logistic Regression,0.5710213776722091,0.8944591029023746,0.9393218513433447
Logistic Regression,0.5733966745843231,0.8944591029023746,0.9379348262576294
Logistic Regression,0.5733966745843231,0.8949868073878628,0.9377990956100751
Logistic Regression,0.5743467933491686,0.8949868073878628,0.9376174481060693
Logistic Regression,0.5743467933491686,0.8960422163588391,0.9368603457128079
Logistic Regression,0.5762470308788599,0.8960422163588391,0.9352512637370639
Logistic Regression,0.5762470308788599,0.8965699208443272,0.9352264397060415
Logistic Regression,0.5771971496437055,0.8965699208443272,0.9345098871634008
Logistic Regression,0.5771971496437055,0.8970976253298153,0.9344217655993082
Logistic Regression,0.5786223277909739,0.8970976253298153,0.9342017134364355
Logistic Regression,0.5786223277909739,0.8976253298153034,0.9340030170012132
Logistic Regression,0.5790973871733966,0.8976253298153034,0.9338964909857279
Logistic Regression,0.5790973871733966,0.8981530343007915,0.9335566033061509
Logistic Regression,0.5800475059382423,0.8981530343007915,0.9332340142174489
Logistic Regression,0.5800475059382423,0.8986807387862796,0.9328985971366799
Logistic Regression,0.580522565320665,0.8986807387862796,0.9328663814521863
Logistic Regression,0.580522565320665,0.8992084432717679,0.9322939697860013
Logistic Regression,0.5819477434679335,0.8992084432717679,0.9319651676255614
Logistic Regression,0.5819477434679335,0.899736147757256,0.9318049719166799
Logistic Regression,0.5838479809976247,0.899736147757256,0.9313444875077685
Logistic Regression,0.5838479809976247,0.9018469656992084,0.9297766848095006
Logistic Regression,0.5843230403800475,0.9018469656992084,0.9297526618737548
Logistic Regression,0.5843230403800475,0.9029023746701847,0.9293639871017407
Logistic Regression,0.5852731591448931,0.9029023746701847,0.9288132649208459
Logistic Regression,0.5852731591448931,0.9050131926121372,0.9270810188137061
Logistic Regression,0.585748218527316,0.9050131926121372,0.9269707504702152
Logistic Regression,0.585748218527316,0.9055408970976253,0.9267299682243834
Logistic Regression,0.5862232779097387,0.9055408970976253,0.9263003733194668
Logistic Regression,0.5862232779097387,0.9060686015831134,0.9259934728937544
Logistic Regression,0.5866983372921615,0.9060686015831134,0.925737771699496
Logistic Regression,0.5866983372921615,0.9065963060686015,0.9254829633668478
Logistic Regression,0.58812351543943,0.9065963060686015,0.9249991051538834
Logistic Regression,0.58812351543943,0.9071240105540898,0.9243465920193914
Logistic Regression,0.5890736342042755,0.9071240105540898,0.9232347132510825
Logistic Regression,0.5890736342042755,0.9076517150395779,0.9230736373278616
Logistic Regression,0.5895486935866984,0.9076517150395779,0.9230340073219943
Logistic Regression,0.5895486935866984,0.908179419525066,0.9230119139001889
Logistic Regression,0.5914489311163895,0.908179419525066,0.9208817342525784
Logistic Regression,0.5914489311163895,0.9087071240105541,0.9208473834896812
Logistic Regression,0.5938242280285035,0.9087071240105541,0.9188175998820106
Logistic Regression,0.5938242280285035,0.9097625329815303,0.9186597335133262
Logistic Regression,0.5947743467933492,0.9097625329815303,0.917406457165319
Logistic Regression,0.5947743467933492,0.9108179419525066,0.9166239346989591
Logistic Regression,0.5961995249406176,0.9108179419525066,0.9154577284244549
Logistic Regression,0.5961995249406176,0.9134564643799472,0.9131203188817771
Logistic Regression,0.597624703087886,0.9134564643799472,0.9126329077273623
Logistic Regression,0.597624703087886,0.9139841688654353,0.9124351803977321
Logistic Regression,0.5980997624703088,0.9139841688654353,0.9124045658220139
Logistic Regression,0.5980997624703088,0.9150395778364117,0.9122194504529526
Logistic Regression,0.5985748218527316,0.9150395778364117,0.9120240250332539
Logistic Regression,0.5985748218527316,0.9160949868073879,0.9115180643327677
Logistic Regression,0.5990498812351543,0.9160949868073879,0.9114032541238877
Logistic Regression,0.5990498812351543,0.9171503957783641,0.9111415286114475
Logistic Regression,0.6009501187648456,0.9171503957783641,0.9096555728336172
Logistic Regression,0.6009501187648456,0.9176781002638522,0.9093956494126947
Logistic Regression,0.6028503562945369,0.9176781002638522,0.908202787174792
Logistic Regression,0.6028503562945369,0.920844327176781,0.9068370612401712
Logistic Regression,0.6038004750593824,0.920844327176781,0.9062328394822494
Logistic Regression,0.6038004750593824,0.9218997361477572,0.9055011103843048
Logistic Regression,0.604750593824228,0.9218997361477572,0.9053415344212075
Logistic Regression,0.604750593824228,0.9224274406332453,0.9048356050840217
Logistic Regression,0.6090261282660333,0.9224274406332453,0.901051698831328
Logistic Regression,0.6090261282660333,0.9229551451187336,0.9004714048168566
Logistic Regression,0.6109263657957245,0.9229551451187336,0.8988550306051656
Logistic Regression,0.6109263657957245,0.9245382585751979,0.8984102000893066
Logistic Regression,0.6114014251781472,0.9245382585751979,0.8978645116145941
Logistic Regression,0.6114014251781472,0.9255936675461741,0.8973908956250357
Logistic Regression,0.6128266033254157,0.9255936675461741,0.8968538423856394
Logistic Regression,0.6128266033254157,0.9261213720316622,0.8963516716940129
Logistic Regression,0.6147268408551069,0.9261213720316622,0.8927026171152531
Logistic Regression,0.6147268408551069,0.9266490765171504,0.8926314320560674
Logistic Regression,0.6152019002375297,0.9266490765171504,0.8918767016743154
Logistic Regression,0.6152019002375297,0.9271767810026386,0.8909791111489453
Logistic Regression,0.6161520190023753,0.9271767810026386,0.8894348081886314
Logistic Regression,0.6161520190023753,0.9277044854881267,0.8893045946343111
Logistic Regression,0.6190023752969122,0.9277044854881267,0.8885722105292907
Logistic Regression,0.6190023752969122,0.9282321899736148,0.8884471502164639
Logistic Regression,0.6194774346793349,0.9282321899736148,0.888195084907946
Logistic Regression,0.6194774346793349,0.9287598944591029,0.8877270835143616
Logistic Regression,0.6204275534441805,0.9287598944591029,0.8860831851622532
Logistic Regression,0.6204275534441805,0.9298153034300791,0.8856050984191531
Logistic Regression,0.6251781472684086,0.9298153034300791,0.8822438742048929
Logistic Regression,0.6251781472684086,0.9313984168865436,0.8801233193395428
Logistic Regression,0.6256532066508314,0.9313984168865436,0.8790122017732876
Logistic Regression,0.6256532066508314,0.9324538258575198,0.8782656582039531
Logistic Regression,0.6270783847980997,0.9324538258575198,0.8760720637772382
Logistic Regression,0.6270783847980997,0.9329815303430079,0.8754675917355675
Logistic Regression,0.6275534441805226,0.9329815303430079,0.8751447256428216
Logistic Regression,0.6275534441805226,0.933509234828496,0.8748737817745311
Logistic Regression,0.6294536817102138,0.933509234828496,0.8720561770911744
Logistic Regression,0.6294536817102138,0.9340369393139841,0.8719976145517688
Logistic Regression,0.6304038004750594,0.9340369393139841,0.8712405205523939
Logistic Regression,0.6304038004750594,0.9345646437994723,0.871237316290424
Logistic Regression,0.6308788598574822,0.9345646437994723,0.87107031500125
Logistic Regression,0.6308788598574822,0.9361477572559367,0.8697710871633639
Logistic Regression,0.6365795724465558,0.9361477572559367,0.8655272545025553
Logistic Regression,0.6365795724465558,0.9366754617414248,0.865490577335267
Logistic Regression,0.6399049881235155,0.9366754617414248,0.86287640332317
Logistic Regression,0.6399049881235155,0.9372031662269129,0.86255352017436
Logistic Regression,0.6422802850356295,0.9372031662269129,0.86121039847884
Logistic Regression,0.6422802850356295,0.9387862796833774,0.8603603649159167
Logistic Regression,0.6427553444180523,0.9387862796833774,0.8595289770311717
Logistic Regression,0.6427553444180523,0.9403693931398417,0.8573799274022841
Logistic Regression,0.645605700712589,0.9403693931398417,0.8545108077224902
Logistic Regression,0.645605700712589,0.9408970976253298,0.8512552407386618
Logistic Regression,0.6460807600950119,0.9408970976253298,0.8511052291477609
Logistic Regression,0.6460807600950119,0.9414248021108179,0.8505478454455732
Logistic Regression,0.6465558194774347,0.9414248021108179,0.850522850094274
Logistic Regression,0.6465558194774347,0.941952506596306,0.8501195432683428
Logistic Regression,0.6470308788598574,0.941952506596306,0.85010421861541
Logistic Regression,0.6470308788598574,0.9424802110817943,0.849265444647975
Logistic Regression,0.6498812351543943,0.9424802110817943,0.845054558349624
Logistic Regression,0.6498812351543943,0.9430079155672824,0.8444358637339676
Logistic Regression,0.6508313539192399,0.9430079155672824,0.8437943473142
Logistic Regression,0.6508313539192399,0.9435356200527705,0.843237011955679
Logistic Regression,0.6517814726840855,0.9435356200527705,0.8424537000179957
Logistic Regression,0.6517814726840855,0.9440633245382586,0.8417393929114092
Logistic Regression,0.6522565320665084,0.9440633245382586,0.841388698098837
Logistic Regression,0.6522565320665084,0.9445910290237467,0.8404725716434698
Logistic Regression,0.6527315914489311,0.9445910290237467,0.8403711422509632
Logistic Regression,0.6527315914489311,0.9451187335092348,0.8400136401989017
Logistic Regression,0.6536817102137767,0.9451187335092348,0.8383097902894052
Logistic Regression,0.6536817102137767,0.9456464379947229,0.8376055397374007
Logistic Regression,0.6560570071258908,0.9456464379947229,0.8334399692312586
Logistic Regression,0.6560570071258908,0.946174142480211,0.8326656727330756
Logistic Regression,0.6565320665083135,0.946174142480211,0.8324203426209918
Logistic Regression,0.6565320665083135,0.9467018469656993,0.8314161491689859
Logistic Regression,0.6570071258907363,0.9467018469656993,0.8305798396639082
Logistic Regression,0.6570071258907363,0.9482849604221636,0.8288456824620243
Logistic Regression,0.6584323040380048,0.9482849604221636,0.8278173561426597
Logistic Regression,0.6584323040380048,0.9488126649076517,0.8277672638191241
Logistic Regression,0.6598574821852732,0.9488126649076517,0.8253781341057006
Logistic Regression,0.6598574821852732,0.9498680738786279,0.8248281426604839
Logistic Regression,0.6603325415676959,0.9498680738786279,0.8244266213829254
Logistic Regression,0.6603325415676959,0.950395778364116,0.8233859888730717
Logistic Regression,0.6617577197149643,0.950395778364116,0.8219001913896191
Logistic Regression,0.6617577197149643,0.9509234828496043,0.8218458193346405
Logistic Regression,0.66270783847981,0.9509234828496043,0.8210320646191647
Logistic Regression,0.66270783847981,0.9514511873350924,0.820786011272282
Logistic Regression,0.6665083135391924,0.9514511873350924,0.8168603833091862
Logistic Regression,0.6665083135391924,0.9519788918205805,0.8168362742048814
Logistic Regression,0.667458432304038,0.9519788918205805,0.8161218861669507
Logistic Regression,0.667458432304038,0.9535620052770448,0.8128895870051883
Logistic Regression,0.669833729216152,0.9535620052770448,0.8090805486961696
Logistic Regression,0.669833729216152,0.9546174142480212,0.8081584612007191
Logistic Regression,0.6712589073634204,0.9546174142480212,0.8070088139006767
Logistic Regression,0.6712589073634204,0.9551451187335093,0.8067593183094844
Logistic Regression,0.6726840855106888,0.9551451187335093,0.8058590630658145
Logistic Regression,0.6726840855106888,0.9556728232189974,0.80568008532256
Logistic Regression,0.6736342042755344,0.9556728232189974,0.8052208570051455
Logistic Regression,0.6736342042755344,0.9562005277044855,0.8048731560526183
Logistic Regression,0.6745843230403801,0.9562005277044855,0.8038248720708301
Logistic Regression,0.6745843230403801,0.9567282321899736,0.80381509463928
Logistic Regression,0.6821852731591449,0.9567282321899736,0.793358959402059
Logistic Regression,0.6821852731591449,0.9572559366754617,0.7929049810004627
Logistic Regression,0.6831353919239905,0.9572559366754617,0.7927507818903933
Logistic Regression,0.6831353919239905,0.9577836411609498,0.7909055057091307
Logistic Regression,0.684085510688836,0.9577836411609498,0.7894353093779758
Logistic Regression,0.684085510688836,0.9583113456464379,0.788233213071046
Logistic Regression,0.6859857482185273,0.9583113456464379,0.7866900613802703
Logistic Regression,0.6859857482185273,0.9588390501319262,0.7863565502522308
Logistic Regression,0.6874109263657957,0.9588390501319262,0.7844358308934535
Logistic Regression,0.6874109263657957,0.9593667546174143,0.7842626551992881
Logistic Regression,0.6878859857482186,0.9593667546174143,0.7830488825062888
Logistic Regression,0.6878859857482186,0.9598944591029024,0.7829968096540847
Logistic Regression,0.6883610451306413,0.9598944591029024,0.7828205382155118
Logistic Regression,0.6883610451306413,0.9609498680738786,0.781230512804375
Logistic Regression,0.6897862232779097,0.9609498680738786,0.7799944975909551
Logistic Regression,0.6897862232779097,0.9614775725593667,0.7795911453251162
Logistic Regression,0.6907363420427554,0.9614775725593667,0.7776816997756762
Logistic Regression,0.6907363420427554,0.9620052770448548,0.7769744310039809
Logistic Regression,0.6926365795724465,0.9620052770448548,0.7747813580778611
Logistic Regression,0.6926365795724465,0.9630606860158312,0.7742383737890954
Logistic Regression,0.6935866983372921,0.9630606860158312,0.7730414073270319
Logistic Regression,0.6935866983372921,0.9641160949868074,0.7719093931172373
Logistic Regression,0.694061757719715,0.9641160949868074,0.7718090075286074
Logistic Regression,0.694061757719715,0.9646437994722955,0.7713780664218417
Logistic Regression,0.6945368171021378,0.9646437994722955,0.7712765484662747
Logistic Regression,0.6945368171021378,0.9651715039577836,0.7693705569479048
Logistic Regression,0.6950118764845605,0.9651715039577836,0.7687880766103755
Logistic Regression,0.6950118764845605,0.9656992084432717,0.7672169882194118
Logistic Regression,0.6954869358669834,0.9656992084432717,0.7666978911856829
Logistic Regression,0.6954869358669834,0.9662269129287598,0.7654913944481089
Logistic Regression,0.696437054631829,0.9662269129287598,0.7645703659570754
Logistic Regression,0.696437054631829,0.9667546174142481,0.764116364442607
Logistic Regression,0.6973871733966746,0.9667546174142481,0.7623991634276821
Logistic Regression,0.6973871733966746,0.9672823218997362,0.7622906566255679
Logistic Regression,0.6978622327790974,0.9672823218997362,0.7590977019985593
Logistic Regression,0.6978622327790974,0.9688654353562005,0.7572885704889413
Logistic Regression,0.7007125890736342,0.9688654353562005,0.7528275215877129
Logistic Regression,0.7007125890736342,0.9693931398416886,0.752813546774283
Logistic Regression,0.701187648456057,0.9693931398416886,0.752798718804943
Logistic Regression,0.701187648456057,0.9699208443271767,0.7523352240970246
Logistic Regression,0.7026128266033255,0.9699208443271767,0.7509128842894179
Logistic Regression,0.7026128266033255,0.970448548812665,0.7507202401057163
Logistic Regression,0.705938242280285,0.970448548812665,0.7417026994688323
Logistic Regression,0.705938242280285,0.9715039577836412,0.74059417749672
Logistic Regression,0.708313539192399,0.9715039577836412,0.7364402957800804
Logistic Regression,0.708313539192399,0.9720316622691293,0.7359371482185088
Logistic Regression,0.7087885985748219,0.9720316622691293,0.7358389545577223
Logistic Regression,0.7087885985748219,0.9725593667546174,0.7358109998548422
Logistic Regression,0.710688836104513,0.9725593667546174,0.7306997518696089
Logistic Regression,0.710688836104513,0.9730870712401055,0.7294679895045773
Logistic Regression,0.7125890736342043,0.9730870712401055,0.7251379631065978
Logistic Regression,0.7125890736342043,0.9736147757255936,0.7242214060894753
Logistic Regression,0.7135391923990498,0.9736147757255936,0.7216606636080724
Logistic Regression,0.7135391923990498,0.9741424802110817,0.7213228037871879
Logistic Regression,0.7144893111638955,0.9741424802110817,0.719409097417769
Logistic Regression,0.7144893111638955,0.97467018469657,0.7173081594167989
Logistic Regression,0.7149643705463183,0.97467018469657,0.7171998804913878
Logistic Regression,0.7149643705463183,0.9751978891820581,0.7170852383370708
Logistic Regression,0.7154394299287411,0.9751978891820581,0.7162388223989361
Logistic Regression,0.7154394299287411,0.9757255936675462,0.7154589274453002
Logistic Regression,0.7187648456057008,0.9757255936675462,0.7046732449612475
Logistic Regression,0.7187648456057008,0.9767810026385224,0.7011657831066784
Logistic Regression,0.7220902612826603,0.9767810026385224,0.696647397132187
Logistic Regression,0.7220902612826603,0.9773087071240105,0.6951914087654385
Logistic Regression,0.7268408551068883,0.9773087071240105,0.6838228343826196
Logistic Regression,0.7268408551068883,0.9778364116094986,0.6834208092508401
Logistic Regression,0.7282660332541567,0.9778364116094986,0.6804335085358634
Logistic Regression,0.7282660332541567,0.9783641160949869,0.6791283717310489
Logistic Regression,0.7315914489311164,0.9783641160949869,0.6701148743179224
Logistic Regression,0.7315914489311164,0.9804749340369393,0.6680210086827145
Logistic Regression,0.734916864608076,0.9804749340369393,0.6575439585335818
Logistic Regression,0.734916864608076,0.9810026385224274,0.6572638299551516
Logistic Regression,0.7353919239904988,0.9810026385224274,0.6565519657007469
Logistic Regression,0.7353919239904988,0.9825857519788919,0.6540922263632716
Logistic Regression,0.7368171021377672,0.9825857519788919,0.6525230117584768
Logistic Regression,0.7368171021377672,0.98311345646438,0.6524111451051786
Logistic Regression,0.7396674584323041,0.98311345646438,0.6500003206192096
Logistic Regression,0.7396674584323041,0.9846965699208443,0.6475477078397838
Logistic Regression,0.7453681710213776,0.9846965699208443,0.6323131391424233
Logistic Regression,0.7453681710213776,0.9852242744063324,0.6319083261659171
Logistic Regression,0.7510688836104513,0.9852242744063324,0.6242913744479353
Logistic Regression,0.7510688836104513,0.9862796833773088,0.6210753932316948
Logistic Regression,0.7534441805225653,0.9862796833773088,0.6149098504283055
Logistic Regression,0.7534441805225653,0.9868073878627969,0.614334830906166
Logistic Regression,0.7558194774346794,0.9868073878627969,0.6091912222121985
Logistic Regression,0.7558194774346794,0.987335092348285,0.6080498720675118
Logistic Regression,0.7572446555819478,0.987335092348285,0.6044885712587738
Logistic Regression,0.7572446555819478,0.9878627968337731,0.6041434018170704
Logistic Regression,0.7600950118764845,0.9878627968337731,0.5955749334072412
Logistic Regression,0.7600950118764845,0.9883905013192612,0.5953707091848754
Logistic Regression,0.7695961995249406,0.9883905013192612,0.5696363027571973
Logistic Regression,0.7695961995249406,0.9889182058047493,0.5690752636637452
Logistic Regression,0.7724465558194774,0.9889182058047493,0.5632832594280889
Logistic Regression,0.7724465558194774,0.9894459102902374,0.5632162571093565
Logistic Regression,0.773396674584323,0.9894459102902374,0.5623784410791737
Logistic Regression,0.773396674584323,0.9899736147757255,0.561992515577651
Logistic Regression,0.7771971496437055,0.9899736147757255,0.554420859069967
Logistic Regression,0.7771971496437055,0.9905013192612138,0.5539550957463453
Logistic Regression,0.7781472684085511,0.9905013192612138,0.5508966406873492
Logistic Regression,0.7781472684085511,0.9910290237467019,0.5507182640595819
Logistic Regression,0.7890736342042756,0.9910290237467019,0.5143866995168371
Logistic Regression,0.7890736342042756,0.99155672823219,0.5143157764251034
Logistic Regression,0.7942992874109264,0.99155672823219,0.504707857810472
Logistic Regression,0.7942992874109264,0.9920844327176781,0.5036045631313723
Logistic Regression,0.8061757719714965,0.9920844327176781,0.4654128493876849
Logistic Regression,0.8061757719714965,0.9926121372031662,0.4647059505273541
Logistic Regression,0.8066508313539192,0.9926121372031662,0.46397898054469777
Logistic Regression,0.8066508313539192,0.9931398416886543,0.46320842852647165
Logistic Regression,0.8076009501187649,0.9931398416886543,0.4628956800039158
Logistic Regression,0.8076009501187649,0.9936675461741424,0.45907769673568116
Logistic Regression,0.81187648456057,0.9936675461741424,0.4385303061226102
Logistic Regression,0.81187648456057,0.9941952506596307,0.437142489694754
Logistic Regression,0.8137767220902613,0.9941952506596307,0.4312345493771157
Logistic Regression,0.8137767220902613,0.9947229551451188,0.4295514691259681
Logistic Regression,0.8190023752969121,0.9947229551451188,0.4125069791904255
Logistic Regression,0.8190023752969121,0.9952506596306069,0.4109019055678721
Logistic Regression,0.8408551068883611,0.9952506596306069,0.346024270840842
Logistic Regression,0.8408551068883611,0.995778364116095,0.3455609481743746
Logistic Regression,0.8422802850356295,0.995778364116095,0.341755126022794
Logistic Regression,0.8422802850356295,0.9963060686015831,0.34099210360038595
Logistic Regression,0.8489311163895487,0.9963060686015831,0.3201224470481746
Logistic Regression,0.8489311163895487,0.9968337730870712,0.3182367211031009
Logistic Regression,0.867458432304038,0.9968337730870712,0.2678604551490625
Logistic Regression,0.867458432304038,0.9973614775725593,0.26720843928702603
Logistic Regression,0.872209026128266,0.9973614775725593,0.24800045230147766
Logistic Regression,0.872209026128266,0.9978891820580474,0.24555790314942702
Logistic Regression,0.8878859857482185,0.9978891820580474,0.20622636702913738
Logistic Regression,0.8878859857482185,0.9984168865435357,0.20119023326774033
Logistic Regression,0.9026128266033254,0.9984168865435357,0.16127645905479354
Logistic Regression,0.9026128266033254,0.9989445910290238,0.16119602417854248
Logistic Regression,0.961520190023753,0.9989445910290238,0.05388033857464717
Logistic Regression,0.961520190023753,0.9994722955145119,0.05352260974264893
Logistic Regression,0.9942992874109263,0.9994722955145119,0.008963259879985842
Logistic Regression,0.9942992874109263,1.0,0.008719320170647693
Logistic Regression,1.0,1.0,0.002165262839497793
KNN,0.0,0.0,inf
KNN,0.542042755344418,0.833245382585752,1.0
KNN,0.5425178147268409,0.833245382585752,0.8745276966501011
KNN,0.5425178147268409,0.8343007915567282,0.8689449482526921
KNN,0.5429928741092637,0.8343007915567282,0.8648795823979933
KNN,0.5429928741092637,0.8348284960422163,0.8606699918234104
KNN,0.5448931116389548,0.8348284960422163,0.853839487831314
KNN,0.5448931116389548,0.8353562005277045,0.8521251803158556
KNN,0.5463182897862233,0.8353562005277045,0.8494251008448566
KNN,0.5463182897862233,0.8358839050131927,0.8454102055489339
KNN,0.5467933491686461,0.8358839050131927,0.8444002526088645
KNN,0.5467933491686461,0.8364116094986808,0.844063396975421
KNN,0.5496437054631829,0.8364116094986808,0.8412650641007748
KNN,0.5496437054631829,0.8369393139841689,0.8405216980049518
KNN,0.5515439429928741,0.8369393139841689,0.8382595359549848
KNN,0.5515439429928741,0.837467018469657,0.8380540225540216
KNN,0.5520190023752969,0.837467018469657,0.8358247307736835
KNN,0.5520190023752969,0.8379947229551451,0.8356906505734059
KNN,0.5534441805225653,0.8379947229551451,0.8338876888310257
KNN,0.5534441805225653,0.8395778364116095,0.8331359354316435
KNN,0.5539192399049881,0.8395778364116095,0.8328771299712447
KNN,0.5539192399049881,0.8427440633245382,0.831308602671393
KNN,0.5548693586698338,0.8427440633245382,0.8309835777826424
KNN,0.5548693586698338,0.8432717678100264,0.8308743114306955
KNN,0.5558194774346793,0.8432717678100264,0.8306101726722893
KNN,0.5558194774346793,0.8437994722955146,0.8305399699370238
KNN,0.5562945368171022,0.8437994722955146,0.8303009458950269
KNN,0.5562945368171022,0.8443271767810027,0.829764524060232
KNN,0.559144893111639,0.8443271767810027,0.8279721310583552
KNN,0.559144893111639,0.845910290237467,0.8278354913276224
KNN,0.563895486935867,0.845910290237467,0.8263316711992129
KNN,0.563895486935867,0.8464379947229551,0.8262691105631244
KNN,0.5643705463182898,0.8464379947229551,0.8261092483577711
KNN,0.5643705463182898,0.8469656992084432,0.8260157504684528
KNN,0.5653206650831354,0.8469656992084432,0.82572055538708
KNN,0.5653206650831354,0.8474934036939314,0.8253351883610206
KNN,0.566270783847981,0.8474934036939314,0.825099631274376
KNN,0.566270783847981,0.8480211081794196,0.8250071490870384
KNN,0.5672209026128266,0.8480211081794196,0.8249460282432154
KNN,0.5672209026128266,0.8490765171503958,0.8248464382857991
KNN,0.5681710213776722,0.8490765171503958,0.824479589580677
KNN,0.5681710213776722,0.850131926121372,0.8242478770912313
KNN,0.5695961995249407,0.850131926121372,0.8238354465740225
KNN,0.5695961995249407,0.8506596306068601,0.8234910238794191
KNN,0.5705463182897862,0.8506596306068601,0.823422542684494
KNN,0.5705463182897862,0.8522427440633246,0.8232858811105622
KNN,0.5710213776722091,0.8522427440633246,0.823135665909294
KNN,0.5710213776722091,0.8532981530343008,0.8230415935951253
KNN,0.5714964370546318,0.8532981530343008,0.8228196472174467
KNN,0.5714964370546318,0.8548812664907651,0.8225040205911494
KNN,0.5729216152019002,0.8548812664907651,0.8224104992904434
KNN,0.5729216152019002,0.8554089709762533,0.8223256607875047
KNN,0.5752969121140142,0.8554089709762533,0.8215932906785922
KNN,0.5752969121140142,0.8559366754617415,0.8213671351069914
KNN,0.5757719714964371,0.8559366754617415,0.8211005198402036
KNN,0.5757719714964371,0.8564643799472296,0.821026380569
KNN,0.5762470308788599,0.8564643799472296,0.8207412572732838
KNN,0.5762470308788599,0.8575197889182058,0.8205102202489972
KNN,0.5790973871733966,0.8575197889182058,0.8198523902175577
KNN,0.5790973871733966,0.8580474934036939,0.8198459332984264
KNN,0.5809976247030879,0.8580474934036939,0.8193286116809957
KNN,0.5809976247030879,0.858575197889182,0.8191580796271681
KNN,0.5819477434679335,0.858575197889182,0.8190837606277982
KNN,0.5819477434679335,0.8591029023746701,0.8189487532263467
KNN,0.5847980997624703,0.8591029023746701,0.8180892815129204
KNN,0.5847980997624703,0.8606860158311346,0.817821916430332
KNN,0.585748218527316,0.8606860158311346,0.8177519110490304
KNN,0.585748218527316,0.8612137203166227,0.817635879055552
KNN,0.5876484560570071,0.8612137203166227,0.8170994524419416
KNN,0.5876484560570071,0.862796833773087,0.8169019499819513
KNN,0.58812351543943,0.862796833773087,0.8167970094658817
KNN,0.58812351543943,0.8633245382585752,0.8167166788359962
KNN,0.5909738717339668,0.8633245382585752,0.8163066017998001
KNN,0.5909738717339668,0.8638522427440634,0.8162825076709289
KNN,0.5923990498812352,0.8638522427440634,0.8160865061094998
KNN,0.5923990498812352,0.8675461741424803,0.8155465390307276
KNN,0.5938242280285035,0.8675461741424803,0.8150851421260821
KNN,0.5938242280285035,0.8680738786279684,0.8150252787203494
KNN,0.5942992874109264,0.8680738786279684,0.814987658450506
KNN,0.5942992874109264,0.8691292875989446,0.8147515320818594
KNN,0.5952494061757719,0.8691292875989446,0.8139834090041116
KNN,0.5952494061757719,0.8696569920844327,0.8138509685774803
KNN,0.5957244655581948,0.8696569920844327,0.8135779449118351
KNN,0.5957244655581948,0.8707124010554089,0.8134289092398762
KNN,0.5971496437054632,0.8707124010554089,0.8130585142373851
KNN,0.5971496437054632,0.8717678100263853,0.8129935882545054
KNN,0.5985748218527316,0.8717678100263853,0.8129546902587432
KNN,0.5985748218527316,0.8728232189973615,0.8126602736726751
KNN,0.6004750593824228,0.8728232189973615,0.812413887679898
KNN,0.6004750593824228,0.8733509234828496,0.8122625665874272
KNN,0.6014251781472684,0.8733509234828496,0.8121856322939038
KNN,0.6014251781472684,0.8738786279683377,0.8120653346070746
KNN,0.602375296912114,0.8738786279683377,0.8118642555415579
KNN,0.602375296912114,0.8744063324538258,0.8118222144450078
KNN,0.6033254156769596,0.8744063324538258,0.8117677127668563
KNN,0.6033254156769596,0.8754617414248022,0.811372008330523
KNN,0.6052256532066508,0.8754617414248022,0.8111783602140016
KNN,0.6052256532066508,0.8770448548812665,0.8110210414354883
KNN,0.607125890736342,0.8770448548812665,0.8109538833749554
KNN,0.607125890736342,0.8775725593667546,0.8109224806315629
KNN,0.6080760095011877,0.8775725593667546,0.8107721006726895
KNN,0.6080760095011877,0.8781002638522427,0.8107720897631578
KNN,0.6085510688836104,0.8781002638522427,0.8107028931353959
KNN,0.6085510688836104,0.8786279683377308,0.8105781100070142
KNN,0.6095011876484561,0.8786279683377308,0.810352599524852
KNN,0.6095011876484561,0.8807387862796834,0.8100324946760236
KNN,0.6123515439429928,0.8807387862796834,0.8094535187562159
KNN,0.6123515439429928,0.8812664907651715,0.8093447466222184
KNN,0.6161520190023753,0.8812664907651715,0.8091194618888466
KNN,0.6161520190023753,0.8817941952506596,0.8091048251256727
KNN,0.6166270783847981,0.8817941952506596,0.8090883811762696
KNN,0.6166270783847981,0.883377308707124,0.8088465869992227
KNN,0.6171021377672209,0.883377308707124,0.808846537903267
KNN,0.6171021377672209,0.8839050131926122,0.8087650654740457
KNN,0.6180522565320665,0.8839050131926122,0.8086707514188715
KNN,0.6180522565320665,0.8844327176781003,0.8085899379002318
KNN,0.6190023752969122,0.8844327176781003,0.8085184669738719
KNN,0.6190023752969122,0.8860158311345646,0.8081669283210823
KNN,0.6204275534441805,0.8860158311345646,0.8080923224355144
KNN,0.6204275534441805,0.8865435356200527,0.807978111462398
KNN,0.6213776722090262,0.8865435356200527,0.8078963452358822
KNN,0.6213776722090262,0.8891820580474934,0.8070403335547061
KNN,0.6223277909738717,0.8891820580474934,0.806807585258481
KNN,0.6223277909738717,0.8902374670184696,0.8064912085379623
KNN,0.6237529691211401,0.8902374670184696,0.8062748051348394
KNN,0.6237529691211401,0.8907651715039577,0.8060648893274637
KNN,0.6247030878859857,0.8907651715039577,0.8059554524378613
KNN,0.6247030878859857,0.8918205804749341,0.8058547615541107
KNN,0.6251781472684086,0.8918205804749341,0.8058128531311016
KNN,0.6251781472684086,0.8923482849604222,0.8057227870690536
KNN,0.6256532066508314,0.8923482849604222,0.8056047465983507
KNN,0.6256532066508314,0.8944591029023746,0.8052671221502866
KNN,0.6270783847980997,0.8944591029023746,0.8050558240791985
KNN,0.6270783847980997,0.8949868073878628,0.8049070529761674
KNN,0.6280285035629454,0.8949868073878628,0.8048480918746008
KNN,0.6280285035629454,0.895514511873351,0.8048179655093691
KNN,0.6304038004750594,0.895514511873351,0.8045921821774275
KNN,0.6304038004750594,0.8960422163588391,0.8044614675604234
KNN,0.6308788598574822,0.8960422163588391,0.8044056664724353
KNN,0.6308788598574822,0.8965699208443272,0.8043051548117741
KNN,0.631353919239905,0.8965699208443272,0.8041849086690747
KNN,0.631353919239905,0.8976253298153034,0.8041137494336649
KNN,0.6332541567695962,0.8976253298153034,0.8030953504617997
KNN,0.6332541567695962,0.8981530343007915,0.8030802566102646
KNN,0.6346793349168646,0.8981530343007915,0.8028329903533227
KNN,0.6346793349168646,0.8986807387862796,0.8028186349291105
KNN,0.6351543942992874,0.8986807387862796,0.8026989227788704
KNN,0.6351543942992874,0.8992084432717679,0.8024383819457979
KNN,0.6365795724465558,0.8992084432717679,0.8019870851354867
KNN,0.6365795724465558,0.899736147757256,0.8019823737453661
KNN,0.6370546318289786,0.899736147757256,0.8011007971010389
KNN,0.6370546318289786,0.9007915567282322,0.8009390358442408
KNN,0.6380047505938242,0.9007915567282322,0.8005641460325339
KNN,0.6380047505938242,0.9018469656992084,0.8004858791518312
KNN,0.6389548693586699,0.9018469656992084,0.8003187427620686
KNN,0.6389548693586699,0.9029023746701847,0.7999625722010868
KNN,0.6399049881235155,0.9029023746701847,0.7994966874470191
KNN,0.6399049881235155,0.9034300791556729,0.7994467236302276
KNN,0.6403800475059382,0.9034300791556729,0.799369956692511
KNN,0.6403800475059382,0.9044854881266491,0.7993085854325984
KNN,0.6413301662707839,0.9044854881266491,0.799171291572382
KNN,0.6413301662707839,0.9050131926121372,0.799120903082051
KNN,0.6418052256532066,0.9050131926121372,0.799057233223764
KNN,0.6418052256532066,0.9055408970976253,0.7989051541245599
KNN,0.6427553444180523,0.9055408970976253,0.7985295334320035
KNN,0.6427553444180523,0.9060686015831134,0.7985030401252772
KNN,0.643230403800475,0.9060686015831134,0.7982782388648217
KNN,0.643230403800475,0.9065963060686015,0.798169316792874
KNN,0.6460807600950119,0.9065963060686015,0.7975648717607378
KNN,0.6460807600950119,0.9076517150395779,0.7964270384482103
KNN,0.6475059382422803,0.9076517150395779,0.7958307492243742
KNN,0.6475059382422803,0.908179419525066,0.7958165719391478
KNN,0.6479809976247031,0.908179419525066,0.7957565997911937
KNN,0.6479809976247031,0.9087071240105541,0.7957325599439425
KNN,0.6484560570071259,0.9087071240105541,0.7953948087327406
KNN,0.6484560570071259,0.9092348284960422,0.7953175255022982
KNN,0.6494061757719715,0.9092348284960422,0.7945061162557002
KNN,0.6494061757719715,0.9097625329815303,0.7943512496764922
KNN,0.6503562945368171,0.9097625329815303,0.7942008129468197
KNN,0.6503562945368171,0.9129287598944591,0.7933352625342606
KNN,0.6527315914489311,0.9129287598944591,0.7925392988603904
KNN,0.6527315914489311,0.9134564643799472,0.7924730714343279
KNN,0.6536817102137767,0.9134564643799472,0.7922102332933715
KNN,0.6536817102137767,0.9150395778364117,0.7919843981121694
KNN,0.6541567695961995,0.9150395778364117,0.7917537369708719
KNN,0.6541567695961995,0.9160949868073879,0.7898576485740605
KNN,0.6546318289786224,0.9160949868073879,0.7893732229202721
KNN,0.6546318289786224,0.916622691292876,0.7892545032627084
KNN,0.6551068883610451,0.916622691292876,0.7891862817105054
KNN,0.6551068883610451,0.9171503957783641,0.7887984088913121
KNN,0.6555819477434679,0.9171503957783641,0.7878741104563781
KNN,0.6555819477434679,0.9187335092348285,0.7869007209515967
KNN,0.6574821852731592,0.9187335092348285,0.781908266295185
KNN,0.6574821852731592,0.9197889182058048,0.780150229163496
KNN,0.6579572446555819,0.9197889182058048,0.7797446958216845
KNN,0.6579572446555819,0.9213720316622691,0.7786064033622918
KNN,0.6589073634204275,0.9213720316622691,0.7774079724760576
KNN,0.6589073634204275,0.9218997361477572,0.7772016247054105
KNN,0.6593824228028503,0.9218997361477572,0.7755222935768682
KNN,0.6593824228028503,0.9224274406332453,0.775244508697414
KNN,0.6598574821852732,0.9224274406332453,0.7741780162483224
KNN,0.6598574821852732,0.9245382585751979,0.7701612407476949
KNN,0.6608076009501188,0.9245382585751979,0.7675602735978406
KNN,0.6608076009501188,0.9255936675461741,0.7610184108737456
KNN,0.6631828978622328,0.9255936675461741,0.7166712934601622
KNN,0.6631828978622328,0.9261213720316622,0.7053849347551657
KNN,0.6641330166270784,0.9261213720316622,0.6866257866323157
KNN,0.6641330166270784,0.9266490765171504,0.684401867678492
KNN,0.6655581947743467,0.9266490765171504,0.6821247762677022
KNN,0.6655581947743467,0.9271767810026386,0.6804178915011383
KNN,0.667458432304038,0.9271767810026386,0.6701165330623784
KNN,0.667458432304038,0.9277044854881267,0.6654743072771186
KNN,0.6679334916864608,0.9277044854881267,0.6634920014318023
KNN,0.6679334916864608,0.9282321899736148,0.6592289311331869
KNN,0.6684085510688836,0.9282321899736148,0.657021232932659
KNN,0.6684085510688836,0.9287598944591029,0.6562023268172922
KNN,0.669833729216152,0.9287598944591029,0.6531644349768891
KNN,0.669833729216152,0.929287598944591,0.6518852181736027
KNN,0.6736342042755344,0.929287598944591,0.6449838360739193
KNN,0.6736342042755344,0.9303430079155672,0.6434337556141241
KNN,0.6741092636579572,0.9303430079155672,0.6433775925151656
KNN,0.6741092636579572,0.9313984168865436,0.6422482109180027
KNN,0.6793349168646081,0.9313984168865436,0.6347754634918776
KNN,0.6793349168646081,0.9319261213720317,0.6347574158335432
KNN,0.6802850356294536,0.9319261213720317,0.634378285076977
KNN,0.6802850356294536,0.9324538258575198,0.6342242502215503
KNN,0.6826603325415677,0.9324538258575198,0.632829370767276
KNN,0.6826603325415677,0.9329815303430079,0.6325750204424551
KNN,0.6845605700712589,0.9329815303430079,0.6304552744200157
KNN,0.6845605700712589,0.933509234828496,0.6300307905365311
KNN,0.6864608076009501,0.933509234828496,0.62859272018605
KNN,0.6864608076009501,0.9340369393139841,0.6283493679403276
KNN,0.6883610451306413,0.9340369393139841,0.6273378344206368
KNN,0.6883610451306413,0.9356200527704486,0.6258581965727518
KNN,0.689311163895487,0.9356200527704486,0.6249085755614328
KNN,0.689311163895487,0.9361477572559367,0.624614253090698
KNN,0.6897862232779097,0.9361477572559367,0.6244350622021342
KNN,0.6897862232779097,0.9372031662269129,0.6234292388097843
KNN,0.6935866983372921,0.9372031662269129,0.6218970701681468
KNN,0.6935866983372921,0.937730870712401,0.6218309062089351
KNN,0.694061757719715,0.937730870712401,0.6213394541225736
KNN,0.694061757719715,0.9382585751978891,0.6206015172512339
KNN,0.6954869358669834,0.9382585751978891,0.6199596358588407
KNN,0.6954869358669834,0.9387862796833774,0.6195403759266597
KNN,0.6973871733966746,0.9387862796833774,0.6184403762386087
KNN,0.6973871733966746,0.9393139841688655,0.618440088280876
KNN,0.6978622327790974,0.9393139841688655,0.6182603481609619
KNN,0.6978622327790974,0.9398416886543536,0.6181054037059415
KNN,0.698812351543943,0.9398416886543536,0.6178923501313368
KNN,0.698812351543943,0.9403693931398417,0.6174087390029699
KNN,0.6997624703087886,0.9403693931398417,0.6172822531225483
KNN,0.6997624703087886,0.9408970976253298,0.6172517433851188
KNN,0.701187648456057,0.9408970976253298,0.6168496087248919
KNN,0.701187648456057,0.9414248021108179,0.6168002392741938
KNN,0.7040380047505939,0.9414248021108179,0.616140813717351
KNN,0.7040380047505939,0.941952506596306,0.6160598097121109
KNN,0.7045130641330166,0.941952506596306,0.6159862322177334
KNN,0.7045130641330166,0.9430079155672824,0.6158423173680276
KNN,0.705938242280285,0.9430079155672824,0.6149152342216991
KNN,0.705938242280285,0.9435356200527705,0.6148411659207828
KNN,0.7064133016627079,0.9435356200527705,0.6147557869681426
KNN,0.7064133016627079,0.9440633245382586,0.6146600316489299
KNN,0.7068883610451306,0.9440633245382586,0.6144915914566125
KNN,0.7068883610451306,0.9445910290237467,0.6143811111432682
KNN,0.708313539192399,0.9445910290237467,0.6136567648420935
KNN,0.708313539192399,0.9451187335092348,0.6133199130277436
KNN,0.7097387173396674,0.9451187335092348,0.6128106835351933
KNN,0.7097387173396674,0.946174142480211,0.6122022055225828
KNN,0.7111638954869358,0.946174142480211,0.6117899890784256
KNN,0.7111638954869358,0.9467018469656993,0.6116812178278788
KNN,0.7121140142517814,0.9467018469656993,0.6111300446661896
KNN,0.7121140142517814,0.9477572559366755,0.6107043973768325
KNN,0.7130641330166271,0.9477572559366755,0.6100533403481223
KNN,0.7130641330166271,0.9493403693931398,0.609129175994624
KNN,0.7154394299287411,0.9493403693931398,0.6080595308191903
KNN,0.7154394299287411,0.9498680738786279,0.6079824834240027
KNN,0.7168646080760095,0.9498680738786279,0.6071063972058729
KNN,0.7168646080760095,0.950395778364116,0.6070507658111642
KNN,0.7178147268408551,0.950395778364116,0.6068804480981017
KNN,0.7178147268408551,0.9509234828496043,0.6068385405281015
KNN,0.7192399049881235,0.9509234828496043,0.605715073664631
KNN,0.7192399049881235,0.9514511873350924,0.6056964534641962
KNN,0.7211401425178148,0.9514511873350924,0.6051785576476636
KNN,0.7211401425178148,0.9519788918205805,0.6050967332783969
KNN,0.7220902612826603,0.9519788918205805,0.6049743872842384
KNN,0.7220902612826603,0.9525065963060686,0.6045048811115883
KNN,0.7244655581947743,0.9525065963060686,0.6031839680338975
KNN,0.7244655581947743,0.9540897097625329,0.6020278413678827
KNN,0.7263657957244656,0.9540897097625329,0.6011554115427306
KNN,0.7263657957244656,0.9546174142480212,0.6011535782116535
KNN,0.7268408551068883,0.9546174142480212,0.6009850094299928
KNN,0.7268408551068883,0.9551451187335093,0.600522214544094
KNN,0.7273159144893112,0.9551451187335093,0.6004783557189333
KNN,0.7273159144893112,0.9556728232189974,0.5987783579499102
KNN,0.7287410926365796,0.9556728232189974,0.5986332324387419
KNN,0.7287410926365796,0.9562005277044855,0.5985594020185188
KNN,0.732541567695962,0.9562005277044855,0.5955835057933223
KNN,0.732541567695962,0.9567282321899736,0.5951820060089742
KNN,0.7353919239904988,0.9567282321899736,0.5927332272577107
KNN,0.7353919239904988,0.9572559366754617,0.5924071591541448
KNN,0.7391923990498812,0.9572559366754617,0.5881035262272961
KNN,0.7391923990498812,0.9577836411609498,0.5878575030735815
KNN,0.7429928741092636,0.9577836411609498,0.5849973291452422
KNN,0.7429928741092636,0.9583113456464379,0.5842569177813737
KNN,0.7434679334916865,0.9583113456464379,0.5840872552650442
KNN,0.7434679334916865,0.9598944591029024,0.5821756911121525
KNN,0.7477434679334917,0.9598944591029024,0.5764859285854038
KNN,0.7477434679334917,0.9604221635883905,0.5748770258205917
KNN,0.7482185273159145,0.9604221635883905,0.5748612912485369
KNN,0.7482185273159145,0.9609498680738786,0.5738294712844644
KNN,0.7486935866983373,0.9609498680738786,0.5721207943079234
KNN,0.7486935866983373,0.9614775725593667,0.571887691654406
KNN,0.7496437054631829,0.9614775725593667,0.5693184504465555
KNN,0.7496437054631829,0.9620052770448548,0.5689287766811619
KNN,0.7515439429928741,0.9620052770448548,0.5629307091348664
KNN,0.7515439429928741,0.9625329815303431,0.5619115877148134
KNN,0.752019002375297,0.9625329815303431,0.559263967218819
KNN,0.752019002375297,0.9630606860158312,0.558995811782597
KNN,0.7524940617577197,0.9630606860158312,0.5586685325895633
KNN,0.7524940617577197,0.9641160949868074,0.5532278279578242
KNN,0.7572446555819478,0.9641160949868074,0.49589676624678525
KNN,0.7572446555819478,0.9646437994722955,0.49092046533643513
KNN,0.766270783847981,0.9646437994722955,0.44498556603332046
KNN,0.766270783847981,0.9651715039577836,0.4449700072396614
KNN,0.768646080760095,0.9651715039577836,0.4430186770804072
KNN,0.768646080760095,0.9656992084432717,0.4421740685836551
KNN,0.7695961995249406,0.9656992084432717,0.43921087022423116
KNN,0.7695961995249406,0.9662269129287598,0.43897179027778715
KNN,0.7738717339667458,0.9662269129287598,0.4325534815394754
KNN,0.7738717339667458,0.9667546174142481,0.4323082287368701
KNN,0.7748218527315914,0.9667546174142481,0.43194096647425256
KNN,0.7748218527315914,0.9678100263852243,0.43037820662542275
KNN,0.7767220902612827,0.9678100263852243,0.4285246987243317
KNN,0.7767220902612827,0.9688654353562005,0.42702174828898454
KNN,0.7776722090261282,0.9688654353562005,0.4261006229660671
KNN,0.7776722090261282,0.9693931398416886,0.42560032029279293
KNN,0.7800475059382422,0.9693931398416886,0.42336426813999417
KNN,0.7800475059382422,0.9699208443271767,0.42328632290281126
KNN,0.7833729216152019,0.9699208443271767,0.42058009910236754
KNN,0.7833729216152019,0.970448548812665,0.42050255450867513
KNN,0.7862232779097387,0.970448548812665,0.4186086639963086
KNN,0.7862232779097387,0.9709762532981531,0.41847682359518457
KNN,0.7866983372921615,0.9709762532981531,0.4178677255695782
KNN,0.7866983372921615,0.9720316622691293,0.41679992170091146
KNN,0.7871733966745843,0.9720316622691293,0.4166881549839857
KNN,0.7871733966745843,0.9725593667546174,0.4163360124399705
KNN,0.7890736342042756,0.9725593667546174,0.41502221309572357
KNN,0.7890736342042756,0.9730870712401055,0.4148638176716057
KNN,0.7919239904988123,0.9730870712401055,0.412888846709749
KNN,0.7919239904988123,0.9736147757255936,0.4120603410960327
KNN,0.7933491686460807,0.9736147757255936,0.4116755370155446
KNN,0.7933491686460807,0.9741424802110817,0.4107241144717038
KNN,0.7957244655581948,0.9741424802110817,0.4086006271210055
KNN,0.7957244655581948,0.9751978891820581,0.40753462780034466
KNN,0.7971496437054632,0.9751978891820581,0.4067618828228344
KNN,0.7971496437054632,0.9757255936675462,0.405860498404551
KNN,0.797624703087886,0.9757255936675462,0.40550950803675045
KNN,0.797624703087886,0.9762532981530343,0.4049634133638696
KNN,0.7985748218527315,0.9762532981530343,0.4039559216707354
KNN,0.7985748218527315,0.9773087071240105,0.40249256918124215
KNN,0.8,0.9773087071240105,0.4018792773035126
KNN,0.8,0.9778364116094986,0.40185370875301074
KNN,0.8028503562945368,0.9778364116094986,0.40013344370537973
KNN,0.8028503562945368,0.9783641160949869,0.3996788241295455
KNN,0.8066508313539192,0.9783641160949869,0.39660576628682004
KNN,0.8066508313539192,0.978891820580475,0.3962919147366118
KNN,0.8090261282660333,0.978891820580475,0.39499641283220327
KNN,0.8090261282660333,0.9794195250659631,0.3949780675160233
KNN,0.8099762470308789,0.9794195250659631,0.3945489308970749
KNN,0.8099762470308789,0.9799472295514512,0.39433786422795236
KNN,0.8109263657957244,0.9799472295514512,0.3935566538543074
KNN,0.8109263657957244,0.9804749340369393,0.39339088264448957
KNN,0.81187648456057,0.9804749340369393,0.3929455244804479
KNN,0.81187648456057,0.9810026385224274,0.39277075650240906
KNN,0.8152019002375297,0.9810026385224274,0.3901140647232037
KNN,0.8152019002375297,0.9815303430079155,0.390004282067849
KNN,0.8156769596199525,0.9815303430079155,0.3884853084328503
KNN,0.8156769596199525,0.9820580474934036,0.38691099267528883
KNN,0.8171021377672208,0.9820580474934036,0.38523316417301895
KNN,0.8171021377672208,0.9825857519788919,0.38513331418214003
KNN,0.8185273159144894,0.9825857519788919,0.38473303396317104
KNN,0.8185273159144894,0.98311345646438,0.38418840471663285
KNN,0.8194774346793349,0.98311345646438,0.38380502719157195
KNN,0.8194774346793349,0.9836411609498681,0.38316938462085937
KNN,0.8223277909738718,0.9836411609498681,0.3809552169968007
KNN,0.8223277909738718,0.9846965699208443,0.3807124972155425
KNN,0.8304038004750594,0.9846965699208443,0.3648556766355632
KNN,0.8304038004750594,0.9852242744063324,0.3634019518665766
KNN,0.8318289786223277,0.9852242744063324,0.3560043928633059
KNN,0.8318289786223277,0.9862796833773088,0.3521794937868058
KNN,0.8342042755344418,0.9862796833773088,0.2946093864465799
KNN,0.8342042755344418,0.9868073878627969,0.28914564188098174
KNN,0.8546318289786223,0.9868073878627969,0.21808375778276173
KNN,0.8546318289786223,0.987335092348285,0.21807564466113977
KNN,0.855581947743468,0.987335092348285,0.21611983060056117
KNN,0.855581947743468,0.9878627968337731,0.21248211729790825
KNN,0.8565320665083136,0.9878627968337731,0.21241849084842512
KNN,0.8565320665083136,0.9883905013192612,0.21217932196790787
KNN,0.8598574821852731,0.9883905013192612,0.2078870079405582
KNN,0.8598574821852731,0.9889182058047493,0.207400852650541
KNN,0.860332541567696,0.9889182058047493,0.2071160144946496
KNN,0.860332541567696,0.9899736147757255,0.20636038662313633
KNN,0.8636579572446555,0.9899736147757255,0.20427298304894867
KNN,0.8636579572446555,0.9905013192612138,0.2037298661842068
KNN,0.8726840855106889,0.9905013192612138,0.19745318991882022
KNN,0.8726840855106889,0.9910290237467019,0.1962485615314256
KNN,0.8741092636579573,0.9910290237467019,0.1954684509374804
KNN,0.8741092636579573,0.99155672823219,0.1952619491088227
KNN,0.8793349168646081,0.99155672823219,0.19298374686534245
KNN,0.8793349168646081,0.9920844327176781,0.19280563753714824
KNN,0.8798099762470308,0.9920844327176781,0.1921428222455527
KNN,0.8798099762470308,0.9926121372031662,0.19208555027884544
KNN,0.8821852731591449,0.9926121372031662,0.18989255627211318
KNN,0.8821852731591449,0.9936675461741424,0.1894511337844096
KNN,0.8893111638954869,0.9936675461741424,0.18691702647503264
KNN,0.8893111638954869,0.9941952506596307,0.186265254291054
KNN,0.8897862232779098,0.9941952506596307,0.18612076271621394
KNN,0.8897862232779098,0.9947229551451188,0.18587764103800544
KNN,0.8912114014251782,0.9947229551451188,0.1854279887407921
KNN,0.8912114014251782,0.9952506596306069,0.18535580093254628
KNN,0.8921615201900237,0.9952506596306069,0.18501539445829762
KNN,0.8921615201900237,0.995778364116095,0.18476030162969775
KNN,0.8926365795724466,0.995778364116095,0.18475220110750232
KNN,0.8926365795724466,0.9963060686015831,0.184328056111523
KNN,0.9073634204275535,0.9963060686015831,0.17161228208246765
KNN,0.9073634204275535,0.9968337730870712,0.17154916248613114
KNN,0.9125890736342043,0.9968337730870712,0.14231042485658396
KNN,1.0,1.0,0.0
Random Forest,0.0,0.0,inf
Random Forest,0.4156769596199525,0.716622691292876,1.0
Random Forest,0.5410926365795724,0.8411609498680739,0.99
Random Forest,0.6109263657957245,0.8918205804749341,0.98
Random Forest,0.6479809976247031,0.9155672823218998,0.97
Random Forest,0.6855106888361046,0.9356200527704486,0.96
Random Forest,0.7163895486935867,0.9488126649076517,0.95
Random Forest,0.7491686460807601,0.9535620052770448,0.94
Random Forest,0.7748218527315914,0.9620052770448548,0.93
Random Forest,0.7923990498812351,0.9720316622691293,0.92
Random Forest,0.8109263657957244,0.9762532981530343,0.91
Random Forest,0.8237529691211402,0.978891820580475,0.9
Random Forest,0.8356294536817103,0.9846965699208443,0.89
Random Forest,0.8475059382422803,0.9868073878627969,0.88
Random Forest,0.8565320665083136,0.987335092348285,0.87
Random Forest,0.8646080760095012,0.9894459102902374,0.86
Random Forest,0.8731591448931116,0.9926121372031662,0.85
Random Forest,0.8802850356294537,0.9926121372031662,0.84
Random Forest,0.8869358669833729,0.9931398416886543,0.83
Random Forest,0.891686460807601,0.9936675461741424,0.82
Random Forest,0.8983372921615201,0.9941952506596307,0.81
Random Forest,0.9040380047505938,0.9947229551451188,0.8
Random Forest,0.9064133016627078,0.9952506596306069,0.79
Random Forest,0.9083135391923991,0.9963060686015831,0.78
Random Forest,0.910688836104513,0.9963060686015831,0.77
Random Forest,0.910688836104513,0.9968337730870712,0.76
Random Forest,0.913064133016627,0.9968337730870712,0.75
Random Forest,0.9149643705463183,0.9978891820580474,0.71
Random Forest,0.9159144893111639,0.9978891820580474,0.7
Random Forest,0.918289786223278,0.9978891820580474,0.52
Random Forest,0.9197149643705463,0.9978891820580474,0.45
Random Forest,0.920665083135392,0.9978891820580474,0.42
Random Forest,0.9225653206650831,0.9978891820580474,0.37
Random Forest,0.9235154394299288,0.9978891820580474,0.34
Random Forest,0.9254156769596199,0.9978891820580474,0.32
Random Forest,0.9268408551068884,0.9978891820580474,0.27
Random Forest,0.9287410926365796,0.9978891820580474,0.22
Random Forest,0.930166270783848,0.9978891820580474,0.21
Random Forest,0.9306413301662708,0.9978891820580474,0.2
Random Forest,0.9311163895486936,0.9989445910290238,0.17
Random Forest,0.932541567695962,0.9994722955145119,0.16
Random Forest,0.9330166270783848,0.9994722955145119,0.15
Random Forest,0.9339667458432304,0.9994722955145119,0.14
Random Forest,0.9363420427553444,0.9994722955145119,0.13
Random Forest,0.9377672209026128,0.9994722955145119,0.12
Random Forest,0.9382422802850356,0.9994722955145119,0.11
Random Forest,0.9434679334916865,1.0,0.1
Random Forest,0.9448931116389548,1.0,0.09
Random Forest,0.9486935866983373,1.0,0.08
Random Forest,0.9496437054631829,1.0,0.07
Random Forest,0.9515439429928741,1.0,0.06
Random Forest,0.9562945368171022,1.0,0.05
Random Forest,0.961520190023753,1.0,0.04
Random Forest,0.971021377672209,1.0,0.03
Random Forest,0.9771971496437054,1.0,0.02
Random Forest,0.9909738717339668,1.0,0.01
Random Forest,1.0,1.0,0.0
